source,target,relationship,weight
0-bad-sectors,hn_47762901,commented_on_story,1
0xWTF,hn_44966856,commented_on_story,1
0xbadcafebee,hn_45163362,commented_on_story,1
0xbadcafebee,hn_47167931,commented_on_story,1
0xcb0,hn_43163011,commented_on_story,1
0xffff2,hn_47923357,commented_on_story,1
1123581321,hn_35152851,commented_on_story,1
14,hn_47167931,commented_on_story,1
18172828286177,hn_43448432,commented_on_story,1
1970-01-01,hn_46227422,commented_on_story,1
1970-01-01,hn_46734302,commented_on_story,1
1f60c,hn_46593022,commented_on_story,1
1gn15,hn_44864185,commented_on_story,1
2001zhaozhao,hn_47633396,commented_on_story,1
2197aG,hn_47664912,commented_on_story,1
2OEH8eoCRo0,hn_44031432,commented_on_story,1
37ef_ced3,hn_28191362,commented_on_story,1
3wolf,hn_28131745,commented_on_story,1
4ndrewl,hn_47923357,commented_on_story,1
6keZbCECT2uB,hn_47878905,commented_on_story,1
827a,hn_46227422,commented_on_story,1
8eye,hn_28191362,commented_on_story,1
8note,hn_35152851,commented_on_story,1
8thcross,hn_44742251,commented_on_story,1
999900000999,hn_43708025,commented_on_story,1
999900000999,hn_47923357,commented_on_story,1
AJRF,hn_47597085,commented_on_story,1
Abhishek_37,hn_44031432,commented_on_story,1
AceJohnny2,hn_46985151,commented_on_story,1
AdieuToLogic,hn_45163362,commented_on_story,1
AlchemistCamp,hn_35657982,commented_on_story,1
AlexCoventry,hn_43739037,commented_on_story,1
Alifatisk,hn_47633396,commented_on_story,1
AlwaysRock,hn_42239323,commented_on_story,1
Andebugulin,hn_47586778,commented_on_story,1
Andebugulin,hn_47597085,commented_on_story,1
AntwaneB,hn_44966856,posted_story,1
Aperocky,hn_47586778,commented_on_story,1
Aperocky,hn_47660925,commented_on_story,1
Arch485,hn_31211280,commented_on_story,1
ArdelleF,hn_31405976,posted_story,1
ArtWomb,hn_28131224,commented_on_story,1
Arubis,hn_44031432,commented_on_story,1
AshleysBrain,hn_27697884,commented_on_story,1
AstroBen,hn_46765460,commented_on_story,1
AtlasBarfed,hn_46734302,commented_on_story,1
BenFrantzDale,hn_33226515,commented_on_story,1
BinaryIgor,hn_45320431,commented_on_story,1
BiteCode_dev,hn_27676266,commented_on_story,1
BitsAndObjects,hn_47762901,commented_on_story,1
BoredPositron,hn_46765120,commented_on_story,1
BratishkaErik,hn_35261065,commented_on_story,1
Brendinooo,hn_45163362,commented_on_story,1
Brian_K_White,hn_40775127,commented_on_story,1
Brian_K_White,hn_42453341,commented_on_story,1
BrissyCoder,hn_47762901,commented_on_story,1
BuleBule,hn_46978710,commented_on_story,1
CGamesPlay,hn_46985151,commented_on_story,1
CRConrad,hn_43739037,commented_on_story,1
CapsAdmin,hn_31825742,commented_on_story,1
CapsAdmin,hn_33226515,commented_on_story,1
CashWasabi,hn_46542036,commented_on_story,1
Centigonal,hn_45722635,commented_on_story,1
CharlesW,hn_35574501,posted_story,1
CharlesW,hn_46985151,commented_on_story,1
ChiefTinkeer,hn_47278435,posted_story,1
ChilinAI,hn_47032993,posted_story,1
ChrisArchitect,hn_42453341,commented_on_story,1
ChrisArchitect,hn_43193018,commented_on_story,1
ChrisArchitect,hn_44006398,commented_on_story,1
ChrisArchitect,hn_44675557,commented_on_story,1
ChrisArchitect,hn_46977210,commented_on_story,1
ChrisMarshallNY,hn_43815033,commented_on_story,1
ChrisMarshallNY,hn_47282777,commented_on_story,1
CityOfThrowaway,hn_27676266,commented_on_story,1
CobrastanJorji,hn_33457063,commented_on_story,1
CodeWriter23,hn_46765460,commented_on_story,1
CompoundEyes,hn_44742251,commented_on_story,1
Copenjin,hn_43163011,commented_on_story,1
Cort3z,hn_33457063,commented_on_story,1
CraigJPerry,hn_47923357,commented_on_story,1
CrankyBear,hn_44675557,posted_story,1
CrzyLngPwd,hn_43448432,commented_on_story,1
CrzyLngPwd,hn_47664912,commented_on_story,1
CrzyLngPwd,hn_47762901,commented_on_story,1
DanHulton,hn_35470915,commented_on_story,1
Daniel_Van_Zant,hn_43163011,commented_on_story,1
Dansvidania,hn_46227422,commented_on_story,1
DavidPP,hn_43410866,commented_on_story,1
DavidSJ,hn_31211280,commented_on_story,1
DeathArrow,hn_35152851,commented_on_story,1
Deathmax,hn_27676266,commented_on_story,1
Deukhoofd,hn_47521799,commented_on_story,1
DidYaWipe,hn_44302870,commented_on_story,1
Doctor-R,hn_39853123,commented_on_story,1
Double_a_92,hn_35152851,commented_on_story,2
Dowwie,hn_46810282,commented_on_story,1
DrNosferatu,hn_45163362,commented_on_story,1
Dwedit,hn_35657982,commented_on_story,1
Dwedit,hn_46985151,commented_on_story,1
EagnaIonat,hn_47006615,commented_on_story,1
EastLondonCoder,hn_47106686,commented_on_story,1
EcommerceFlow,hn_44940089,commented_on_story,1
Elbouyave,hn_43410866,commented_on_story,1
Eldodi,hn_47768133,commented_on_story,1
EmeraldSky,hn_47912500,commented_on_story,1
Entinel,hn_35657982,commented_on_story,1
Etheryte,hn_43448432,commented_on_story,1
Flux159,hn_46593022,commented_on_story,1
Fr0styMatt88,hn_47664912,commented_on_story,1
FrankWilhoit,hn_47664912,commented_on_story,1
Frannky,hn_47106686,commented_on_story,1
FunnyLookinHat,hn_27676266,commented_on_story,1
Galanwe,hn_45416228,commented_on_story,1
Garlef,hn_47762901,commented_on_story,1
GartzenDeHaes,hn_35470915,commented_on_story,1
GistNoesis,hn_28131745,commented_on_story,1
GistNoesis,hn_47762901,commented_on_story,1
GistNoesis,hn_48037128,commented_on_story,1
GolDDranks,hn_46765460,commented_on_story,1
HaQT11,hn_43068027,commented_on_story,1
Hamcha,hn_31825742,commented_on_story,1
Hamuko,hn_27687450,commented_on_story,1
HarHarVeryFunny,hn_45320431,commented_on_story,1
HeytalePazguato,hn_47586778,commented_on_story,1
Hippocrates,hn_43448432,commented_on_story,1
IceWreck,hn_33457063,commented_on_story,1
Ilaurens,hn_47923357,commented_on_story,1
Imnimo,hn_33457063,commented_on_story,1
Imnimo,hn_46593022,commented_on_story,1
Incipient,hn_47838508,commented_on_story,1
Irishsteve,hn_19309959,posted_story,1
IshKebab,hn_46810282,commented_on_story,1
JR1427,hn_44042070,commented_on_story,1
JSR_FDED,hn_47006615,commented_on_story,1
J_Shelby_J,hn_44780878,commented_on_story,1
JanneVee,hn_47006615,commented_on_story,1
Jet_Xu,hn_42183760,posted_story,1
JohnFen,hn_43462171,commented_on_story,1
JoostBoer,hn_47597085,commented_on_story,1
JoshTriplett,hn_43193018,commented_on_story,1
Jotalea,hn_44493503,commented_on_story,1
JulianQuinn,hn_47838508,commented_on_story,1
KETpXDDzR,hn_27687450,commented_on_story,1
KTibow,hn_43754620,commented_on_story,1
Karrot_Kream,hn_44811567,commented_on_story,1
Karsteski,hn_47282777,commented_on_story,1
KellyCriterion,hn_47282777,commented_on_story,1
Kerrick,hn_47006615,commented_on_story,1
KillerRAK,hn_47282777,commented_on_story,1
Kim_Bruning,hn_44742251,commented_on_story,1
Kiro,hn_36495680,commented_on_story,1
Kiro,hn_44302870,commented_on_story,1
Kirr,hn_47963204,commented_on_story,1
Krasnol,hn_45320431,commented_on_story,1
KronisLV,hn_42675725,commented_on_story,1
Kuinox,hn_46542036,commented_on_story,1
LesZedCB,hn_32327711,commented_on_story,1
LetsGetTechnicl,hn_47660925,commented_on_story,1
Levitating,hn_47586778,commented_on_story,1
Lockal,hn_46978710,commented_on_story,1
Lucasoato,hn_46985151,commented_on_story,1
Macha,hn_44493503,commented_on_story,1
MagicMoonlight,hn_35921375,commented_on_story,1
MagicMoonlight,hn_40919253,commented_on_story,1
MagicWishMonkey,hn_28191362,commented_on_story,1
MajorLettuce,hn_47768133,commented_on_story,1
MarkMarine,hn_43448432,commented_on_story,1
Marlinski,hn_45525363,posted_story,1
MarquesMa,hn_31825742,commented_on_story,1
MayeulC,hn_35264725,commented_on_story,1
MichaelMoser123,hn_35921375,commented_on_story,1
Mikho,hn_46227422,commented_on_story,1
MillionOClock,hn_47878905,commented_on_story,1
MisterTea,hn_46985151,commented_on_story,1
Mouvelie,hn_44493503,commented_on_story,1
MrContent04,hn_45163362,commented_on_story,1
MrOrelliOReilly,hn_46734302,commented_on_story,1
MrOrelliOReilly,hn_47878905,commented_on_story,1
Multiplayer,hn_47633396,commented_on_story,1
MutedEstate45,hn_44780878,commented_on_story,1
MyUltiDev,hn_47768133,commented_on_story,1
Netaro,hn_44940089,commented_on_story,1
Nic0,hn_35470915,commented_on_story,1
NicuCalcea,hn_44302870,commented_on_story,1
NiloCK,hn_47838508,commented_on_story,1
NineWillows,hn_43739037,commented_on_story,1
NischalM,hn_44780878,commented_on_story,1
NitpickLawyer,hn_44940089,commented_on_story,1
O5vYtytb,hn_35657982,commented_on_story,1
OJFord,hn_43739037,commented_on_story,1
OisinMoran,hn_45416228,commented_on_story,1
OldfieldFund,hn_44780878,commented_on_story,1
OtherShrezzing,hn_47521799,commented_on_story,2
OutOfHere,hn_44031432,commented_on_story,2
OutOfHere,hn_44780878,commented_on_story,1
PAMANOCH,hn_33226515,commented_on_story,1
Painsawman123,hn_46765460,commented_on_story,1
Painsawman123,hn_47584540,commented_on_story,1
PaulHoule,hn_43246130,commented_on_story,1
PaulHoule,hn_45761979,commented_on_story,1
PhysicalNomad,hn_35152851,commented_on_story,1
PiersonMarks,hn_40456457,commented_on_story,1
Pxtl,hn_43988315,commented_on_story,1
QuadrupleA,hn_47521799,commented_on_story,1
ROFISH,hn_35470915,commented_on_story,1
RagnarD,hn_46545620,commented_on_story,1
Reason077,hn_47586778,commented_on_story,1
Retr0id,hn_46978710,commented_on_story,1
Reubend,hn_44780878,commented_on_story,1
Rickasaurus,hn_44966856,commented_on_story,1
RivieraKid,hn_35261065,commented_on_story,1
Robdel12,hn_46978710,commented_on_story,1
Robdel12,hn_47878905,commented_on_story,1
Ronrey,hn_47006615,commented_on_story,1
SCdF,hn_43739037,commented_on_story,1
SOLAR_FIELDS,hn_42675725,commented_on_story,1
SOLAR_FIELDS,hn_46978710,commented_on_story,1
SSchick,hn_45320431,commented_on_story,1
SamTinnerholm,hn_45722635,commented_on_story,1
Scene_Cast2,hn_44031432,commented_on_story,1
Seanambers,hn_44302870,commented_on_story,1
Seattle3503,hn_47633396,commented_on_story,1
Sevii,hn_46765120,commented_on_story,1
Sharlin,hn_46765120,commented_on_story,1
SimianSci,hn_46734302,commented_on_story,1
SirMaster,hn_42675725,commented_on_story,1
SkyPuncher,hn_43448432,commented_on_story,1
SkyPuncher,hn_43815033,commented_on_story,1
SkyPuncher,hn_47660925,commented_on_story,1
Someone1234,hn_35261065,commented_on_story,1
Spinnaker_,hn_29016506,commented_on_story,1
SpyCoder77,hn_48140747,posted_story,1
Squarex,hn_47584540,commented_on_story,1
SquibblesRedux,hn_47586778,commented_on_story,1
StanAngeloff,hn_47660925,posted_story,1
StarlaAtNight,hn_46542036,commented_on_story,1
SteveJS,hn_44780878,commented_on_story,1
Symmetry,hn_46985151,commented_on_story,1
TYPE_FASTER,hn_44966856,commented_on_story,1
TZubiri,hn_47521799,commented_on_story,2
TeMPOraL,hn_47762901,commented_on_story,1
TeeMassive,hn_32327711,commented_on_story,1
Terr_,hn_46534402,commented_on_story,1
ThailandJohn,hn_45165897,posted_story,1
Thanemate,hn_47282777,commented_on_story,1
TheGoodBarn,hn_46420453,commented_on_story,1
Thorentis,hn_29016506,commented_on_story,1
Tiberium,hn_46420453,commented_on_story,1
Tom-G,hn_43894886,posted_story,1
Tomte,hn_40919253,commented_on_story,1
TonyTrapp,hn_42453341,commented_on_story,1
Topfi,hn_36495680,commented_on_story,1
Trasmatta,hn_43448432,commented_on_story,1
Traster,hn_31405976,commented_on_story,1
TriangleEdge,hn_43163011,commented_on_story,1
TuringNYC,hn_42453341,commented_on_story,1
TuringNYC,hn_44966856,commented_on_story,1
TutleCpt,hn_47282777,commented_on_story,1
Uninen,hn_43163011,commented_on_story,1
VMtest,hn_27687450,commented_on_story,1
VadimPR,hn_47584540,commented_on_story,1
Velorivox,hn_43815033,commented_on_story,1
Vermeulen,hn_28131745,commented_on_story,1
ViktorKuz,hn_46183845,posted_story,1
VitalStack,hn_47530870,commented_on_story,1
WXLCKNO,hn_46978710,posted_story,1
WarmWash,hn_46765120,commented_on_story,1
WaterRun,hn_47597085,commented_on_story,1
Waterluvian,hn_28191362,commented_on_story,1
Waterluvian,hn_33226515,commented_on_story,1
WesternWind,hn_40919253,commented_on_story,1
WhereIsTheTruth,hn_35921375,commented_on_story,1
WhiteDawn,hn_47838508,commented_on_story,1
WhitneyLand,hn_46810282,commented_on_story,1
WhyOhWhyQ,hn_46227422,commented_on_story,1
Will_Neutralis,hn_45945898,posted_story,1
Workaccount2,hn_43988315,commented_on_story,1
Wowfunhappy,hn_35921375,commented_on_story,1
Wowfunhappy,hn_46593022,commented_on_story,1
Wowfunhappy,hn_47633396,commented_on_story,1
WrtCdEvrydy,hn_32327711,commented_on_story,1
X-Istence,hn_31825742,commented_on_story,1
YeGoblynQueenne,hn_27676266,commented_on_story,1
YossarianFrPrez,hn_43988315,commented_on_story,1
Z37K,hn_44742251,commented_on_story,1
Zanfa,hn_44742251,commented_on_story,1
Zenst,hn_28191362,commented_on_story,1
_--__--__,hn_43988315,commented_on_story,1
_9ptr,hn_45320431,commented_on_story,1
__anon-2023__,hn_35264725,commented_on_story,1
__blockcipher__,hn_47963204,commented_on_story,1
__jl__,hn_42453341,commented_on_story,1
__lbracket__,hn_44940089,commented_on_story,1
_aaed,hn_35264725,commented_on_story,1
_alaya,hn_46985151,commented_on_story,1
_doctor_love,hn_48037128,commented_on_story,1
_greim_,hn_27687450,commented_on_story,1
_joel,hn_43410866,commented_on_story,1
_jss,hn_48037128,commented_on_story,1
_mitterpach,hn_43193018,commented_on_story,1
_odey,hn_43246130,commented_on_story,1
_pdp_,hn_44864185,commented_on_story,1
_pdp_,hn_47521799,commented_on_story,1
_pdp_,hn_47923357,commented_on_story,1
_ryanjsalva,hn_33226515,commented_on_story,1
_zachs,hn_46810282,commented_on_story,1
a-r-t,hn_27676266,commented_on_story,1
a1o,hn_47167931,commented_on_story,1
a_shovel,hn_47664912,commented_on_story,1
aardvarkr,hn_28191362,commented_on_story,1
aaron695,hn_28191362,commented_on_story,1
aaroninsf,hn_47077676,commented_on_story,1
abailie3,hn_45204768,commented_on_story,1
abcde666777,hn_47006615,commented_on_story,1
abdullin,hn_47963204,commented_on_story,1
abeppu,hn_27687450,commented_on_story,1
abeppu,hn_28131745,commented_on_story,1
abetusk,hn_35657982,commented_on_story,1
abigail95,hn_35657982,commented_on_story,1
abouttyme,hn_33457063,commented_on_story,1
abullinan,hn_44966856,commented_on_story,1
acc_297,hn_42453341,commented_on_story,1
accelbred,hn_35470915,commented_on_story,1
account266928,hn_46810282,commented_on_story,1
accountofme,hn_31405976,commented_on_story,1
adg33,hn_35921375,commented_on_story,1
adhamsalama,hn_42453341,commented_on_story,1
adidoit,hn_46089546,commented_on_story,1
adithyassekhar,hn_47106686,commented_on_story,1
adlpz,hn_33457063,commented_on_story,1
admissionsguy,hn_27697884,commented_on_story,1
adocomplete,hn_43815033,commented_on_story,1
adocomplete,hn_46593022,posted_story,1
adonese,hn_39168105,commented_on_story,1
aenis,hn_48037128,commented_on_story,1
aeon_ai,hn_45416228,commented_on_story,1
aerhardt,hn_46765460,commented_on_story,1
aerhardt,hn_47660925,commented_on_story,1
aeternum,hn_44966856,commented_on_story,1
afarah1,hn_46545620,commented_on_story,1
afarviral,hn_27687450,commented_on_story,1
afiodorov,hn_43739037,commented_on_story,1
afro88,hn_47660925,commented_on_story,1
agentifysh,hn_47077676,commented_on_story,1
agile-gift0262,hn_44742251,commented_on_story,1
agnosticmantis,hn_45722635,commented_on_story,1
agomez314,hn_27687450,posted_story,1
agos,hn_47762901,commented_on_story,1
agrippanux,hn_47633396,commented_on_story,1
ahnick,hn_31825742,commented_on_story,1
ahupp,hn_29016506,commented_on_story,1
ai-christianson,hn_42963279,commented_on_story,1
ai-christianson,hn_43754620,commented_on_story,1
ai_tools_daily,hn_47077676,commented_on_story,1
aiappreciator,hn_36326525,commented_on_story,1
airstrike,hn_47768133,commented_on_story,1
aitchnyu,hn_47762901,commented_on_story,1
akagusu,hn_27687450,commented_on_story,1
akkartik,hn_32577624,commented_on_story,1
akrymski,hn_35470915,commented_on_story,1
al_borland,hn_47282777,commented_on_story,1
alasano,hn_47633396,commented_on_story,1
albertTJames,hn_40919253,commented_on_story,1
albertzeyer,hn_33457063,commented_on_story,1
alecco,hn_43448432,commented_on_story,1
alecco,hn_44864185,commented_on_story,1
alecco,hn_45416228,commented_on_story,1
aledevv,hn_47762901,commented_on_story,1
aleksiy123,hn_47838508,commented_on_story,1
alentred,hn_46765120,commented_on_story,1
alex000kim,hn_47586778,posted_story,1
alexaholic,hn_47838508,commented_on_story,1
alexanderisora,hn_34595503,posted_story,1
alexdobrenko,hn_46593022,commented_on_story,1
alexellisuk,hn_29016506,commented_on_story,1
alexrezvov,hn_47106686,commented_on_story,1
algoghostf,hn_41505157,posted_story,1
aliljet,hn_46985151,commented_on_story,1
alkonaut,hn_39168105,commented_on_story,1
allthenopes25,hn_44031432,commented_on_story,1
alokjnv10,hn_36326525,commented_on_story,1
alphabet9000,hn_35657982,commented_on_story,1
alphazard,hn_43739037,commented_on_story,1
alsodumb,hn_35152851,commented_on_story,1
altern8,hn_46765460,commented_on_story,1
alvatar,hn_46734302,commented_on_story,1
alvis,hn_44031432,commented_on_story,1
am17an,hn_28131745,commented_on_story,1
amalive,hn_28131745,commented_on_story,1
amangsingh,hn_47597085,commented_on_story,1
amarant,hn_47664912,commented_on_story,1
amarka,hn_46542036,commented_on_story,1
amelius,hn_32327711,commented_on_story,1
amelius,hn_44742251,commented_on_story,1
amelius,hn_46542036,commented_on_story,1
amirathi,hn_31825742,commented_on_story,1
amrrs,hn_28131745,commented_on_story,1
amrrs,hn_28191362,commented_on_story,1
an1sotropy,hn_33226515,commented_on_story,1
an1sotropy,hn_33457063,commented_on_story,1
andai,hn_46765460,commented_on_story,1
andai,hn_47762901,commented_on_story,1
andai,hn_47768133,commented_on_story,1
anderslaub,hn_43410866,commented_on_story,1
andrewstuart,hn_44864185,commented_on_story,1
androng,hn_43815033,commented_on_story,1
andsoitis,hn_42963279,commented_on_story,1
andy99,hn_43988315,commented_on_story,1
anigbrowl,hn_45722635,commented_on_story,1
anoek,hn_44675557,commented_on_story,1
anonymid,hn_45416228,commented_on_story,1
anonymousiam,hn_45163362,commented_on_story,1
anonzzzies,hn_43739037,commented_on_story,1
anonzzzies,hn_44811567,commented_on_story,1
anonzzzies,hn_45320431,commented_on_story,1
anotherpaulg,hn_36495680,commented_on_story,1
anotherpaulg,hn_43163011,commented_on_story,1
anotheryou,hn_35264725,commented_on_story,1
antirez,hn_44780878,commented_on_story,1
antirez,hn_46765120,commented_on_story,1
antirez,hn_46810282,commented_on_story,1
antonly,hn_45165897,commented_on_story,1
ants_everywhere,hn_44966856,commented_on_story,1
anttiharju,hn_46542036,commented_on_story,1
anujdeshpande,hn_33226515,commented_on_story,1
anupshinde,hn_44780878,commented_on_story,1
anxtyinmgmt,hn_35152851,commented_on_story,1
apeace,hn_47597085,commented_on_story,1
apetuskey,hn_35152851,commented_on_story,1
aphexcx,hn_37065734,commented_on_story,1
appease7727,hn_44966856,commented_on_story,1
appsoftware,hn_46593022,commented_on_story,1
apsec112,hn_43163011,commented_on_story,1
apwell23,hn_44811567,commented_on_story,1
aramova,hn_47660925,commented_on_story,1
archibaldJ,hn_28191362,commented_on_story,1
arco1991,hn_35470915,commented_on_story,1
ardillamorris,hn_44966856,commented_on_story,1
ares623,hn_46985151,commented_on_story,1
ares623,hn_47282777,commented_on_story,1
arewethereyeta,hn_47633396,commented_on_story,1
arjie,hn_45416228,commented_on_story,1
arjunbanker,hn_47006615,posted_story,1
arkariarn,hn_47878905,commented_on_story,1
armanj,hn_47633396,commented_on_story,1
armcat,hn_46545620,commented_on_story,1
armchairhacker,hn_35657982,commented_on_story,1
armchairhacker,hn_47660925,commented_on_story,1
arresin,hn_46810282,commented_on_story,1
arthur_sav,hn_45876436,posted_story,1
artisin,hn_46978710,commented_on_story,1
artyom,hn_47586778,commented_on_story,1
asadm,hn_43708025,commented_on_story,1
asadm,hn_44031432,commented_on_story,1
asawfofor,hn_44811567,commented_on_story,1
ascorbic,hn_31825742,commented_on_story,1
asdev,hn_44940089,commented_on_story,1
ashutosh-mishra,hn_44742251,commented_on_story,1
astrea,hn_28191362,commented_on_story,1
athrowaway3z,hn_45163362,commented_on_story,1
atleastoptimal,hn_44742251,commented_on_story,1
atleastoptimal,hn_47006615,commented_on_story,2
atonalfreerider,hn_29016506,commented_on_story,1
atonse,hn_44042070,commented_on_story,1
atxtechbro,hn_43410866,commented_on_story,1
auggierose,hn_27697884,commented_on_story,1
aught,hn_43739037,commented_on_story,1
aunch,hn_35152851,commented_on_story,1
aunty_helen,hn_47963204,commented_on_story,1
aura-guard,hn_46996368,commented_on_story,1
ausbah,hn_29016506,commented_on_story,1
aussieguy1234,hn_45163362,commented_on_story,1
austin-cheney,hn_44148317,commented_on_story,1
autobodie,hn_44302870,commented_on_story,1
autocracy101,hn_47586778,commented_on_story,1
autocracy101,hn_47597085,commented_on_story,1
autocracy101,hn_47597085,posted_story,1
avaer,hn_47584540,commented_on_story,1
avital,hn_44042070,commented_on_story,1
awongh,hn_46089546,commented_on_story,1
axegon_,hn_43448432,commented_on_story,1
axegon_,hn_47167931,commented_on_story,1
axg11,hn_31405976,commented_on_story,1
aymandfire,hn_42857231,commented_on_story,1
aymandfire,hn_42857231,posted_story,1
azinman2,hn_27676266,commented_on_story,1
azinman2,hn_43163011,commented_on_story,1
baalimago,hn_43708025,commented_on_story,1
baby,hn_29016506,commented_on_story,1
baby,hn_31825742,commented_on_story,1
babyshake,hn_32327711,commented_on_story,1
badthingfactory,hn_47521799,commented_on_story,1
bakugo,hn_35657982,commented_on_story,1
bakugo,hn_43163011,posted_story,1
balajmarius,hn_46420453,posted_story,1
ballenf,hn_27687450,commented_on_story,1
bamboozled,hn_46227422,commented_on_story,1
banq,hn_44302870,commented_on_story,1
barbs,hn_46985151,commented_on_story,1
barelysapient,hn_46765120,commented_on_story,1
barotalomey,hn_43193018,commented_on_story,1
baryphonic,hn_27687450,commented_on_story,1
bastardoperator,hn_35152851,commented_on_story,1
bastawhiz,hn_43815033,commented_on_story,1
bathtub365,hn_44042070,commented_on_story,1
bauerd,hn_47878905,commented_on_story,1
bayindirh,hn_46978710,commented_on_story,1
bcherny,hn_43163011,commented_on_story,1
bcherny,hn_46978710,commented_on_story,1
bcherny,hn_47660925,commented_on_story,1
beanjuiceII,hn_31825742,commented_on_story,1
beardsciences,hn_46810282,commented_on_story,1
beardyw,hn_43068027,commented_on_story,1
bearjaws,hn_47664912,commented_on_story,1
bee_rider,hn_46542036,commented_on_story,1
beepbooptheory,hn_42453341,commented_on_story,1
beernet,hn_43815033,commented_on_story,1
belter,hn_27687450,commented_on_story,1
ben30,hn_45320431,commented_on_story,1
bencyoung,hn_44031432,commented_on_story,1
bentt,hn_46227422,commented_on_story,1
benwills,hn_47838508,commented_on_story,1
bernardlunn,hn_40387453,posted_story,1
bfioca,hn_40456457,posted_story,1
bglazer,hn_43448432,commented_on_story,1
bgwalter,hn_46089546,commented_on_story,1
bhagyeshsp,hn_48037128,commented_on_story,1
bhouston,hn_46420453,commented_on_story,1
bicepjai,hn_45416228,commented_on_story,1
big-chungus4,hn_47006615,commented_on_story,1
bilater,hn_46545620,commented_on_story,1
billy99k,hn_42963279,commented_on_story,1
bionhoward,hn_44031432,commented_on_story,1
birdculture,hn_43448432,posted_story,1
bitbasher,hn_43246130,commented_on_story,1
bitlad,hn_36495680,commented_on_story,1
bitwize,hn_43988315,commented_on_story,1
bitwize,hn_47167931,commented_on_story,1
bityard,hn_40919253,commented_on_story,1
bityard,hn_47878905,commented_on_story,1
bjacobso,hn_46545620,commented_on_story,1
bjoli,hn_46227422,commented_on_story,1
bkryza,hn_47584540,commented_on_story,1
bkuhn,hn_33457063,commented_on_story,1
blackbear_,hn_39853123,commented_on_story,1
blackbrokkoli,hn_33457063,commented_on_story,1
blahgeek,hn_44811567,commented_on_story,1
blcknight,hn_47586778,commented_on_story,1
blintz,hn_35152851,commented_on_story,1
blobbers,hn_47167931,commented_on_story,1
blobbers,hn_47584540,commented_on_story,1
bluefirebrand,hn_44493503,commented_on_story,1
bluejay2387,hn_46765120,commented_on_story,1
bluejekyll,hn_47077676,commented_on_story,1
bmitc,hn_33226515,commented_on_story,1
bob1029,hn_46542036,commented_on_story,1
bob1029,hn_46734302,commented_on_story,1
bob1029,hn_47006615,commented_on_story,1
bob1029,hn_47584540,commented_on_story,1
bodge5000,hn_44864185,commented_on_story,1
bodge5000,hn_46542036,commented_on_story,1
boesboes,hn_47923357,commented_on_story,1
bombdailer,hn_46089546,commented_on_story,1
boomskats,hn_44031432,commented_on_story,1
boringuser2,hn_35470915,commented_on_story,1
born_a_skeptic,hn_47923357,commented_on_story,1
borski,hn_46089546,commented_on_story,1
bottlepalm,hn_35264725,commented_on_story,1
boutell,hn_46978710,commented_on_story,1
bovermyer,hn_46765460,commented_on_story,1
bowmessage,hn_31211280,commented_on_story,1
bradly,hn_43988315,commented_on_story,1
brailsafe,hn_46985151,commented_on_story,1
brainless,hn_45163362,commented_on_story,1
brandall10,hn_47106686,commented_on_story,1
brandensilva,hn_47597085,commented_on_story,1
brandensilva,hn_47768133,commented_on_story,1
brauhaus,hn_47597085,commented_on_story,1
bravogamma,hn_27676266,commented_on_story,1
breckenedge,hn_44493503,commented_on_story,1
brentable,hn_37065734,commented_on_story,1
brentm,hn_43448432,commented_on_story,1
bronkic,hn_46985151,commented_on_story,1
brooke2k,hn_43988315,commented_on_story,1
brotherjerky,hn_44811567,commented_on_story,1
brown,hn_35657982,commented_on_story,1
brundolf,hn_27676266,commented_on_story,1
bryanhogan,hn_47584540,commented_on_story,1
bryanhogan,hn_47768133,commented_on_story,1
bryanhogan,hn_47963204,commented_on_story,1
bs7280,hn_47664912,commented_on_story,1
bsgeraci,hn_47597085,commented_on_story,1
bsza,hn_40919253,commented_on_story,1
btheunissen,hn_46227422,commented_on_story,1
btown,hn_46593022,commented_on_story,1
bubblyworld,hn_44742251,commented_on_story,1
bugglebeetle,hn_42453341,commented_on_story,1
buppermint,hn_45722635,commented_on_story,1
burgalon,hn_28152743,posted_story,1
burnstek,hn_47282777,commented_on_story,1
buserror,hn_44742251,commented_on_story,1
butlike,hn_46420453,commented_on_story,1
butz,hn_42453341,commented_on_story,1
buzzy_hacker,hn_33457063,commented_on_story,1
bww,hn_27676266,commented_on_story,1
byoung2,hn_44148317,commented_on_story,1
byteface,hn_27697884,commented_on_story,1
cadamsdotcom,hn_43988315,commented_on_story,2
cadamsdotcom,hn_45416228,commented_on_story,1
cadamsdotcom,hn_47106686,commented_on_story,1
cajohn0205,hn_40456457,commented_on_story,1
cal85,hn_31825742,commented_on_story,1
calepayson,hn_46089546,commented_on_story,1
camillomiller,hn_44302870,commented_on_story,1
canadev,hn_27697884,commented_on_story,1
caprock,hn_43462171,commented_on_story,1
captainepoch,hn_44940089,commented_on_story,1
captaintobs,hn_35958304,commented_on_story,1
carlosjobim,hn_44302870,commented_on_story,1
caseysoftware,hn_44031432,commented_on_story,1
caslon,hn_28126015,commented_on_story,1
cattown,hn_35657982,commented_on_story,1
causal,hn_47586778,commented_on_story,1
causal,hn_47633396,commented_on_story,1
caymanjim,hn_46985151,commented_on_story,1
cbm-vic-20,hn_32577624,commented_on_story,1
cbsks,hn_27676266,commented_on_story,1
cc62cf4a4f20,hn_46593022,commented_on_story,1
cdcarter,hn_46420453,commented_on_story,1
cebert,hn_47521799,commented_on_story,1
cedws,hn_47584540,commented_on_story,1
cedws,hn_47768133,commented_on_story,1
cedws,hn_47878905,commented_on_story,1
ceejayoz,hn_39168105,posted_story,1
celestialcheese,hn_33457063,commented_on_story,1
cellis,hn_40919253,commented_on_story,1
cess11,hn_35261065,commented_on_story,1
cglong,hn_43708025,commented_on_story,1
chaboud,hn_43988315,commented_on_story,1
chairmanwow1,hn_35657982,commented_on_story,1
chamomeal,hn_44940089,commented_on_story,1
chaosprint,hn_43410866,commented_on_story,1
chaosprint,hn_44864185,commented_on_story,1
charcircuit,hn_43988315,commented_on_story,1
charkubi,hn_47106686,commented_on_story,1
chaxor,hn_35921375,commented_on_story,1
cheema33,hn_46765120,commented_on_story,1
chfritz,hn_46765120,commented_on_story,1
chickensong,hn_46978710,commented_on_story,1
chidli1234,hn_40919253,commented_on_story,1
chilldsgn,hn_39168105,commented_on_story,1
chiragnahata,hn_45796929,posted_story,1
chmod775,hn_42453341,commented_on_story,1
chrisjharris,hn_44780878,commented_on_story,1
chrisjj,hn_46510980,commented_on_story,1
chrisjj,hn_47006615,commented_on_story,1
chrismsimpson,hn_40919253,commented_on_story,1
chrisss395,hn_46734302,commented_on_story,1
chubot,hn_31405976,commented_on_story,1
chvid,hn_42675725,commented_on_story,1
chvid,hn_47077676,commented_on_story,1
citizenpaul,hn_32577624,commented_on_story,1
cjonas,hn_43739037,commented_on_story,1
ckbishop,hn_43163011,commented_on_story,1
cladopa,hn_47664912,commented_on_story,1
claudeomusic,hn_47006615,commented_on_story,1
clauderoux,hn_44742251,commented_on_story,1
clbrmbr,hn_35152851,commented_on_story,1
cleandreams,hn_39168105,commented_on_story,1
cleifer,hn_46810282,commented_on_story,1
cloudking,hn_35921375,commented_on_story,1
cloudking,hn_44864185,commented_on_story,1
clvx,hn_43448432,commented_on_story,1
cmenge,hn_47878905,commented_on_story,1
cmiles8,hn_46545620,commented_on_story,1
cml123,hn_44811567,commented_on_story,1
cmos,hn_47282777,commented_on_story,1
cmrdporcupine,hn_33457063,commented_on_story,1
cnj,hn_43410866,commented_on_story,1
codedokode,hn_45163362,commented_on_story,1
codemakerai,hn_35152851,commented_on_story,1
coderinsan,hn_41037874,posted_story,1
codeulike,hn_44864185,commented_on_story,1
codexstar,hn_47597085,commented_on_story,1
codingismycraft,hn_43049256,posted_story,1
codingmoh,hn_43754620,posted_story,1
colesantiago,hn_44940089,commented_on_story,1
colinhb,hn_47106686,commented_on_story,1
comboy,hn_47768133,commented_on_story,1
comex,hn_43988315,commented_on_story,1
cons0le,hn_46542036,commented_on_story,1
consumer451,hn_47762901,commented_on_story,1
contravariant,hn_46765120,commented_on_story,1
cookie_monsta,hn_43739037,commented_on_story,1
coolpool,hn_44302870,commented_on_story,1
coopykins,hn_47762901,commented_on_story,1
covi,hn_35470915,commented_on_story,1
cowlby,hn_44940089,commented_on_story,1
cowlby,hn_47963204,commented_on_story,1
crat3r,hn_44811567,commented_on_story,1
crazygringo,hn_33226515,commented_on_story,1
crazygringo,hn_46542036,commented_on_story,1
crazygringo,hn_46810282,commented_on_story,1
cristea,hn_44811567,commented_on_story,1
critismAccepted,hn_35574501,commented_on_story,1
croes,hn_43193018,commented_on_story,1
cruffle_duffle,hn_43410866,commented_on_story,1
cryptos,hn_44493503,commented_on_story,1
cryptos,hn_44811567,commented_on_story,1
cryptoz,hn_46227422,commented_on_story,1
csmantle,hn_45163362,commented_on_story,1
ctime,hn_46227422,commented_on_story,1
ctoth,hn_47768133,commented_on_story,1
ctoth,hn_47878905,commented_on_story,1
cube2222,hn_31825742,commented_on_story,1
cube2222,hn_43708025,commented_on_story,1
cube2222,hn_46420453,commented_on_story,1
cududa,hn_36495680,commented_on_story,1
cultofmetatron,hn_44864185,commented_on_story,1
curo,hn_31825742,commented_on_story,1
cush,hn_28191362,commented_on_story,1
cvandyke,hn_47660925,commented_on_story,1
cwoolfe,hn_46593022,commented_on_story,1
cycomanic,hn_27687450,commented_on_story,1
cyral,hn_44864185,commented_on_story,1
d--b,hn_42675725,commented_on_story,1
d--b,hn_46227422,commented_on_story,1
d0liver,hn_43815033,posted_story,1
d4rkn0d3z,hn_43448432,commented_on_story,1
d4rkn0d3z,hn_44966856,commented_on_story,1
d4rkp4ttern,hn_45163362,commented_on_story,1
d4rkp4ttern,hn_45416228,commented_on_story,1
d4rkp4ttern,hn_46593022,commented_on_story,1
d4rkp4ttern,hn_46985151,commented_on_story,1
d4rkp4ttern,hn_47586778,commented_on_story,1
d_watt,hn_43163011,commented_on_story,1
d_watt,hn_44966856,commented_on_story,1
dabedee,hn_44864185,commented_on_story,1
dabinat,hn_43462171,commented_on_story,1
dabinat,hn_47538125,commented_on_story,1
daedrdev,hn_40919253,commented_on_story,1
daenz,hn_32577624,commented_on_story,1
dajonker,hn_46810282,commented_on_story,1
danFctr,hn_46990146,posted_story,1
danenania,hn_43739037,commented_on_story,1
danesparza,hn_47167931,commented_on_story,1
dang,hn_27676266,commented_on_story,1
dang,hn_28191362,commented_on_story,1
dang,hn_35152851,commented_on_story,1
dang,hn_35921375,commented_on_story,1
dangoodmanUT,hn_44811567,commented_on_story,1
dangus,hn_39168105,commented_on_story,1
dangus,hn_47167931,commented_on_story,1
dangus,hn_47586778,commented_on_story,1
danielktdoranie,hn_43754620,commented_on_story,1
danielovichdk,hn_39168105,commented_on_story,1
danielrhodes,hn_47006615,commented_on_story,1
danielvaughn,hn_44940089,commented_on_story,1
danjl,hn_44966856,commented_on_story,1
dannytatom,hn_31825742,commented_on_story,1
danpalmer,hn_39168105,commented_on_story,1
darepublic,hn_27676266,commented_on_story,1
darepublic,hn_39168105,commented_on_story,1
darkwater,hn_46420453,commented_on_story,1
darvinyraghpath,hn_44302870,commented_on_story,1
data-ottawa,hn_47878905,commented_on_story,1
data-ottawa,hn_47963204,commented_on_story,1
datadrivenangel,hn_44042070,commented_on_story,1
datadrivenangel,hn_45224742,commented_on_story,1
datahack,hn_47633396,commented_on_story,1
datavirtue,hn_43739037,commented_on_story,1
dataviz1000,hn_47878905,commented_on_story,1
dataviz1000,hn_48037128,commented_on_story,1
dathinab,hn_46542036,commented_on_story,1
davepeck,hn_47838508,commented_on_story,1
davesque,hn_47167931,commented_on_story,1
davesque,hn_47963204,commented_on_story,1
daveytea,hn_46985151,commented_on_story,1
david_allison,hn_47521799,commented_on_story,1
david_bai,hn_45028261,posted_story,1
davidbanham,hn_40775127,commented_on_story,1
daviddever23box,hn_40387453,commented_on_story,1
davidgerard,hn_33226515,posted_story,1
davidw,hn_47660925,commented_on_story,1
daxfohl,hn_47006615,commented_on_story,1
dazzaji,hn_44864185,commented_on_story,1
dbdoug,hn_47282777,commented_on_story,1
dboreham,hn_43739037,commented_on_story,1
dboreham,hn_45761979,commented_on_story,1
dboreham,hn_45761979,posted_story,1
dcre,hn_46089546,commented_on_story,1
ddevault,hn_32327711,commented_on_story,1
deanjones,hn_33457063,commented_on_story,1
debarshri,hn_47762901,commented_on_story,1
deep_origins,hn_40456457,commented_on_story,1
deepspace,hn_33226515,commented_on_story,1
deepsun,hn_47586778,commented_on_story,1
deet,hn_36326525,commented_on_story,1
deevus,hn_47106686,commented_on_story,1
delduca,hn_46985151,commented_on_story,2
delegate,hn_43410866,commented_on_story,1
delegate,hn_46765120,commented_on_story,1
delis-thumbs-7e,hn_47762901,commented_on_story,1
delsarto,hn_28131745,commented_on_story,1
dennisjoseph,hn_47106686,commented_on_story,1
dennisy,hn_44191815,posted_story,1
deorder,hn_29016506,commented_on_story,1
derac,hn_28191362,commented_on_story,1
derkoe,hn_47838508,commented_on_story,1
desireco42,hn_47768133,commented_on_story,1
deskamess,hn_47597085,commented_on_story,1
dev360,hn_48037128,commented_on_story,1
dev_l1x_be,hn_46765120,commented_on_story,1
devin,hn_48037128,commented_on_story,1
devinprater,hn_46765120,commented_on_story,1
devnull3,hn_35958304,commented_on_story,1
devnullbrain,hn_44302870,commented_on_story,1
deweller,hn_47923357,commented_on_story,1
dfps,hn_43448432,commented_on_story,1
dgreensp,hn_47878905,commented_on_story,1
dgunay,hn_43708025,commented_on_story,1
dheerajmp,hn_47584540,commented_on_story,1
dheerajmp,hn_47597085,commented_on_story,1
dhruv3006,hn_47584540,commented_on_story,1
diath,hn_47521799,commented_on_story,1
diath,hn_47838508,commented_on_story,1
didgeoridoo,hn_47660925,commented_on_story,1
digdugdirk,hn_35152851,commented_on_story,1
digdugdirk,hn_35261065,commented_on_story,1
dingliqing53,hn_35152851,commented_on_story,2
dingliqing53,hn_35152851,posted_story,1
dinoqqq,hn_43739037,commented_on_story,1
dirtylowprofile,hn_46227422,posted_story,1
disconcision,hn_46420453,commented_on_story,1
dismalaf,hn_44940089,commented_on_story,1
dispencer,hn_47768133,commented_on_story,1
distalx,hn_45320431,commented_on_story,1
divbzero,hn_46734302,commented_on_story,1
djha-skin,hn_45416228,commented_on_story,1
djhope99,hn_47633396,commented_on_story,1
dmd,hn_47963204,commented_on_story,1
dminik,hn_47963204,commented_on_story,1
dmitrybrant,hn_45163362,posted_story,1
dmos62,hn_46810282,commented_on_story,1
dmurray,hn_28131745,commented_on_story,1
dmvaldman,hn_46545620,commented_on_story,1
dnw,hn_47633396,commented_on_story,1
doctoboggan,hn_35152851,commented_on_story,1
dogleash,hn_46978710,commented_on_story,1
dogline,hn_47664912,commented_on_story,1
dominicrose,hn_44780878,commented_on_story,1
dominotw,hn_47664912,commented_on_story,1
donatj,hn_46765120,commented_on_story,1
doppelgunner,hn_44864185,commented_on_story,1
doppp,hn_46985151,posted_story,1
doubleorseven,hn_47664912,commented_on_story,1
downrightmike,hn_47077676,commented_on_story,1
dpitkevics,hn_47006615,commented_on_story,1
dr_dshiv,hn_44302870,commented_on_story,1
dragonwriter,hn_44780878,commented_on_story,1
drc500free,hn_46810282,commented_on_story,1
drdrek,hn_35261065,commented_on_story,1
drmajormccheese,hn_48037128,commented_on_story,1
drob518,hn_47664912,posted_story,1
droidmaker,hn_47282777,commented_on_story,1
drowntoge,hn_46765460,commented_on_story,1
drusepth,hn_35261065,commented_on_story,1
dsaffy,hn_37238648,posted_story,1
dubeye,hn_45320431,commented_on_story,1
dubeye,hn_47762901,commented_on_story,1
dukeofdoom,hn_43815033,commented_on_story,1
dunk010,hn_46734302,commented_on_story,1
durch,hn_46734302,commented_on_story,1
duttish,hn_47106686,commented_on_story,1
dv_dt,hn_46765460,commented_on_story,1
dvt,hn_36495680,commented_on_story,1
dweinus,hn_39168105,commented_on_story,1
e-brake,hn_44864185,commented_on_story,1
e0m,hn_28131745,posted_story,1
e12e,hn_48037128,posted_story,1
eamag,hn_42963279,commented_on_story,1
ear7h,hn_46420453,commented_on_story,1
easrng,hn_31211280,commented_on_story,1
ecshafer,hn_46765460,commented_on_story,1
edg5000,hn_46734302,commented_on_story,1
edzitron,hn_47923357,commented_on_story,1
efitz,hn_44811567,commented_on_story,1
efortis,hn_46094221,commented_on_story,1
egallis,hn_45204768,commented_on_story,1
eibrahim,hn_47167931,commented_on_story,1
einpoklum,hn_43815033,commented_on_story,1
eisa01,hn_45163362,commented_on_story,1
ekropotin,hn_46227422,commented_on_story,1
elcapitan,hn_42453341,commented_on_story,1
elcomet,hn_33457063,commented_on_story,1
elemcontrib,hn_44191815,commented_on_story,1
elif,hn_44811567,commented_on_story,1
elil17,hn_35261065,commented_on_story,1
elmean,hn_47963204,posted_story,1
elzbardico,hn_46978710,commented_on_story,1
empath75,hn_46542036,commented_on_story,1
emsign,hn_46545620,commented_on_story,1
encyclopedism,hn_46227422,commented_on_story,1
enjoytheview,hn_45165897,commented_on_story,1
enono,hn_35152851,commented_on_story,1
enriquto,hn_27687450,commented_on_story,1
enriquto,hn_33226515,commented_on_story,1
epiccoleman,hn_44864185,commented_on_story,1
epictwow,hn_43163011,commented_on_story,1
epistasis,hn_43163011,commented_on_story,1
epolanski,hn_40919253,commented_on_story,1
eranation,hn_47768133,commented_on_story,1
erans,hn_45663045,commented_on_story,1
erans,hn_45663045,posted_story,1
erdaniels,hn_35261065,commented_on_story,1
erelong,hn_47762901,commented_on_story,1
ericdallo,hn_44811567,commented_on_story,1
ernst_klim,hn_47597085,commented_on_story,1
erulabs,hn_43988315,commented_on_story,1
escapedmoose,hn_44966856,commented_on_story,1
esfandia,hn_31825742,commented_on_story,1
esjeon,hn_27697884,commented_on_story,1
esjeon,hn_29016506,commented_on_story,1
est,hn_43708025,commented_on_story,1
estsauver,hn_43163011,commented_on_story,1
eterevsky,hn_33226515,commented_on_story,1
etothepii,hn_28126015,commented_on_story,1
etothet,hn_47521799,commented_on_story,1
etothet,hn_48037128,commented_on_story,1
eulers_secret,hn_44811567,commented_on_story,1
euphetar,hn_47597085,commented_on_story,1
eventmapx,hn_47282777,commented_on_story,1
everdrive,hn_47878905,commented_on_story,1
everfrustrated,hn_47838508,commented_on_story,1
everfrustrated,hn_47923357,commented_on_story,1
ex-aws-dude,hn_47660925,commented_on_story,1
exabrial,hn_47878905,commented_on_story,1
exclipy,hn_44780878,commented_on_story,1
exiguus,hn_43988315,commented_on_story,1
exitb,hn_46593022,commented_on_story,1
ezoe,hn_27697884,commented_on_story,1
ezyang,hn_43410866,commented_on_story,1
f0e4c2f7,hn_28131745,commented_on_story,1
fabiospampinato,hn_27676266,commented_on_story,1
fakedang,hn_47762901,commented_on_story,1
falcor84,hn_46734302,commented_on_story,1
falloutx,hn_46593022,commented_on_story,1
fatcullen,hn_47584540,commented_on_story,1
fatcullen,hn_47586778,commented_on_story,1
fatherzine,hn_35657982,commented_on_story,1
fcap,hn_43754620,commented_on_story,1
felineflock,hn_44864185,commented_on_story,1
felixding,hn_46420453,commented_on_story,1
felixrieseberg,hn_46593022,commented_on_story,1
fencepost,hn_33226515,commented_on_story,1
fer,hn_47660925,commented_on_story,1
fgfm,hn_38710600,posted_story,1
fho,hn_45163362,commented_on_story,1
fhub,hn_47167931,commented_on_story,1
figmert,hn_47633396,commented_on_story,1
fireant,hn_33226515,commented_on_story,1
firloop,hn_47633396,commented_on_story,1
firloop,hn_47633396,posted_story,1
flakiness,hn_43708025,commented_on_story,2
flashgordon,hn_43988315,commented_on_story,1
floppyd,hn_46545620,commented_on_story,1
flyingzucchini,hn_46593022,commented_on_story,1
fniephaus,hn_32327711,posted_story,1
foob,hn_47584540,commented_on_story,1
fooker,hn_47167931,commented_on_story,1
foooobaba,hn_33457063,commented_on_story,2
foota,hn_33226515,commented_on_story,1
foota,hn_47878905,commented_on_story,1
forgotTheLast,hn_43739037,commented_on_story,1
fortenforge,hn_35657982,posted_story,1
forty,hn_42453341,commented_on_story,1
forty,hn_46593022,commented_on_story,1
fouc,hn_27697884,commented_on_story,1
fourthark,hn_45163362,commented_on_story,1
foxbee,hn_36495680,commented_on_story,1
foxfired,hn_44966856,commented_on_story,1
fragmede,hn_44042070,posted_story,1
framecowbird,hn_29016506,commented_on_story,1
frankgrecojr,hn_36495680,posted_story,1
freakynit,hn_47762901,commented_on_story,1
fred_is_fred,hn_47664912,commented_on_story,1
freddealmeida,hn_43739037,commented_on_story,1
freediver,hn_43163011,commented_on_story,1
freedomben,hn_31825742,commented_on_story,1
freedomben,hn_39168105,commented_on_story,1
frereubu,hn_43739037,commented_on_story,1
frizlab,hn_47923357,posted_story,1
fullstackchris,hn_35921375,commented_on_story,1
funnyfoobar,hn_35470915,commented_on_story,1
furyofantares,hn_46542036,commented_on_story,1
fvold,hn_44031432,commented_on_story,1
fwip,hn_46542036,commented_on_story,1
fwlr,hn_35261065,commented_on_story,1
fwlr,hn_35921375,commented_on_story,1
fzaninotto,hn_27676266,commented_on_story,1
fzeroracer,hn_44966856,commented_on_story,1
g-mork,hn_46978710,commented_on_story,1
g-mork,hn_47633396,commented_on_story,1
g42gregory,hn_35574501,commented_on_story,1
g42gregory,hn_44864185,commented_on_story,1
g4cg54g54,hn_47963204,commented_on_story,1
gabriedev,hn_37688002,posted_story,1
gabriela_c,hn_48037128,commented_on_story,1
galaxyLogic,hn_47586778,commented_on_story,1
gamescr,hn_43815033,commented_on_story,1
gangster_dave,hn_46707409,commented_on_story,2
gangster_dave,hn_46707409,posted_story,1
gary17the,hn_47106686,commented_on_story,1
gaut,hn_36326525,commented_on_story,1
gdudeman,hn_45416228,commented_on_story,1
gedy,hn_47077676,commented_on_story,1
geldedus,hn_46227422,commented_on_story,1
general1465,hn_46985151,commented_on_story,1
geoffbp,hn_47586778,commented_on_story,1
geomcentral,hn_47923357,commented_on_story,1
geor9e,hn_43739037,commented_on_story,1
geor9e,hn_43815033,commented_on_story,1
germandiago,hn_47660925,commented_on_story,1
gersh,hn_43815033,commented_on_story,1
ghm2180,hn_46089546,commented_on_story,1
ghoward,hn_29016506,commented_on_story,1
giancarlostoro,hn_47167931,commented_on_story,1
giancarlostoro,hn_47923357,commented_on_story,1
gilrain,hn_47878905,commented_on_story,1
girvo,hn_47586778,commented_on_story,1
gizmodo59,hn_43708025,commented_on_story,1
gklitt,hn_43708025,commented_on_story,1
gkoberger,hn_35921375,commented_on_story,1
globular-toast,hn_44742251,commented_on_story,1
globular-toast,hn_45163362,commented_on_story,1
gloosx,hn_42453341,commented_on_story,1
glouwbug,hn_31825742,commented_on_story,1
gnabgib,hn_39168105,commented_on_story,1
godzillabrennus,hn_39168105,commented_on_story,1
goldenarm,hn_46810282,commented_on_story,1
goodpoint,hn_27687450,commented_on_story,1
goodpoint,hn_35657982,commented_on_story,1
gooseus,hn_43448432,commented_on_story,1
gos9,hn_47633396,commented_on_story,1
gotwaz,hn_47538125,commented_on_story,1
gplthrowaway88,hn_35657982,commented_on_story,1
greatgib,hn_47521799,commented_on_story,1
greatpostman,hn_43815033,commented_on_story,1
gregjor,hn_46094221,commented_on_story,1
grepfru_it,hn_32327711,commented_on_story,1
grey-area,hn_47923357,commented_on_story,1
grim_io,hn_44742251,commented_on_story,1
grim_io,hn_45165897,commented_on_story,1
grudg3,hn_35470915,commented_on_story,1
guestbest,hn_44031432,commented_on_story,1
gyoridavid,hn_47923357,commented_on_story,1
gzer0,hn_35261065,commented_on_story,1
h4ch1,hn_44940089,commented_on_story,1
haburka,hn_35921375,commented_on_story,1
hakunin,hn_47923357,commented_on_story,1
hankchinaski,hn_43163011,commented_on_story,1
hansmayer,hn_47878905,commented_on_story,1
haolez,hn_47106686,commented_on_story,1
happytiger,hn_39168105,commented_on_story,1
harvey9,hn_45722635,commented_on_story,1
haukem,hn_47768133,commented_on_story,1
havaloc,hn_39168105,commented_on_story,1
hazrmard,hn_46545620,commented_on_story,1
hddqsb,hn_35470915,commented_on_story,1
helloplanets,hn_45320431,commented_on_story,1
henning,hn_43815033,commented_on_story,1
henning,hn_46985151,commented_on_story,1
herpderperator,hn_33457063,commented_on_story,1
herrington_d,hn_44780878,commented_on_story,1
heurisko,hn_27697884,commented_on_story,1
hgs3,hn_35657982,commented_on_story,1
hgs3,hn_46765460,commented_on_story,1
hi_hi,hn_47167931,commented_on_story,1
hibikir,hn_47664912,commented_on_story,1
hintymad,hn_47664912,commented_on_story,1
hirako2000,hn_46978710,commented_on_story,1
hirebackenddev,hn_32577624,commented_on_story,1
hit8run,hn_27676266,commented_on_story,1
hk__2,hn_47584540,commented_on_story,1
hliyan,hn_35921375,commented_on_story,1
hmate9,hn_47521799,commented_on_story,1
hmottestad,hn_44177525,commented_on_story,1
hn_throwaway_99,hn_40919253,commented_on_story,1
hnarn,hn_27676266,commented_on_story,1
hokkos,hn_47838508,commented_on_story,1
holg,hn_47032993,commented_on_story,1
holliplex,hn_39168105,commented_on_story,1
holografix,hn_47768133,commented_on_story,1
horns4lyfe,hn_44811567,commented_on_story,1
hosolmaz,hn_44780878,posted_story,1
hoten,hn_47521799,commented_on_story,1
howToTestFE,hn_45320431,commented_on_story,1
hu3,hn_33457063,commented_on_story,1
hu3,hn_35261065,commented_on_story,1
hubraumhugo,hn_43163011,commented_on_story,1
huksley,hn_47878905,commented_on_story,1
huqedato,hn_42453341,commented_on_story,1
hx8,hn_47838508,commented_on_story,1
hypfer,hn_46593022,commented_on_story,1
iLoveOncall,hn_36495680,commented_on_story,1
iamleppert,hn_46978710,commented_on_story,1
iamsaitam,hn_45165897,commented_on_story,1
ianbutler,hn_32327711,commented_on_story,1
ianbutler,hn_33226515,commented_on_story,1
ianhawes,hn_43163011,commented_on_story,1
icyfox,hn_45320431,commented_on_story,1
idan,hn_31405976,commented_on_story,1
ilikehurdles,hn_31825742,commented_on_story,1
ilovetux,hn_47077676,commented_on_story,1
imiric,hn_44742251,commented_on_story,1
incomingpain,hn_45761979,commented_on_story,1
inimino,hn_27676266,commented_on_story,1
insane_dreamer,hn_43988315,commented_on_story,1
insane_dreamer,hn_44302870,commented_on_story,1
insane_dreamer,hn_46089546,commented_on_story,1
interpol_p,hn_44864185,commented_on_story,1
interstice,hn_44966856,commented_on_story,1
inventor7777,hn_48037128,commented_on_story,1
ionicabizau,hn_46420453,commented_on_story,1
ipnon,hn_29016506,commented_on_story,1
isoprophlex,hn_46985151,commented_on_story,1
itsjustjordan,hn_46985151,commented_on_story,1
itunpredictable,hn_47167931,commented_on_story,1
itunpredictable,hn_47167931,posted_story,1
iwintermute,hn_27676266,commented_on_story,1
iworshipfaangs2,hn_33457063,commented_on_story,1
iworshipfaangs2,hn_33457063,posted_story,1
j-bos,hn_44675557,commented_on_story,1
j1elo,hn_45416228,commented_on_story,1
j4coh,hn_46765120,commented_on_story,1
jFriedensreich,hn_44042070,commented_on_story,1
j_maffe,hn_43163011,commented_on_story,1
jabl,hn_45163362,commented_on_story,1
jackchina,hn_43708025,commented_on_story,1
jacob019,hn_46545620,commented_on_story,1
jacobsenscott,hn_35152851,commented_on_story,1
jacobsenscott,hn_35921375,commented_on_story,1
jacooper,hn_35261065,commented_on_story,1
jaffathecake,hn_27697884,posted_story,1
jagged-chisel,hn_44031432,commented_on_story,1
jamalawd,hn_47597085,commented_on_story,1
jamescontrol,hn_47963204,commented_on_story,1
jameshart,hn_35921375,commented_on_story,1
jameslk,hn_46593022,commented_on_story,1
jamesmunns,hn_35657982,commented_on_story,1
jameson,hn_47664912,commented_on_story,1
jamesy0ung,hn_43708025,commented_on_story,1
jampa,hn_46810282,commented_on_story,1
janice1999,hn_46707409,commented_on_story,1
jannniii,hn_47963204,commented_on_story,1
janpot,hn_27697884,commented_on_story,1
jareds,hn_47923357,commented_on_story,1
jarek83,hn_45416228,commented_on_story,1
jascha_eng,hn_46978710,commented_on_story,1
jasfi,hn_31405976,commented_on_story,1
jasonjmcghee,hn_43410866,commented_on_story,1
jatins,hn_47597085,commented_on_story,1
javidlakha,hn_36326525,commented_on_story,1
jawns,hn_43815033,commented_on_story,1
jbdamask,hn_47597085,commented_on_story,1
jbellis,hn_44780878,commented_on_story,1
jcgrillo,hn_48037128,commented_on_story,1
jchw,hn_35261065,commented_on_story,1
jdeng,hn_46593022,commented_on_story,1
jdlshore,hn_47077676,commented_on_story,1
jdlyga,hn_46765460,commented_on_story,1
jdownie01,hn_37065734,commented_on_story,1
jdw64,hn_47912500,posted_story,1
jedberg,hn_43163011,commented_on_story,1
jedisct1,hn_47584540,commented_on_story,1
jedisct1,hn_47597085,commented_on_story,1
jeffhwang,hn_33457063,commented_on_story,1
jefflub,hn_40456457,commented_on_story,1
jeffrallen,hn_47006615,commented_on_story,1
jeffreyrogers,hn_35921375,commented_on_story,1
jen20,hn_33226515,commented_on_story,1
jen729w,hn_47597085,commented_on_story,1
jerezzprime,hn_45044095,posted_story,1
jerpint,hn_44031432,commented_on_story,1
jesse_dot_id,hn_47633396,commented_on_story,1
jessemhan,hn_37065734,posted_story,1
jezzamon,hn_44302870,commented_on_story,1
jfengel,hn_43448432,commented_on_story,1
jfletch321,hn_46593022,commented_on_story,1
jfvinueza,hn_47660925,commented_on_story,1
jgalt212,hn_28126015,commented_on_story,1
jillesvangurp,hn_45163362,commented_on_story,1
jillesvangurp,hn_47762901,commented_on_story,1
jimmydoe,hn_42675725,commented_on_story,1
jjcm,hn_44780878,commented_on_story,1
jjuliano,hn_47838508,commented_on_story,1
jkelleyrtp,hn_29016506,commented_on_story,1
jmhammond,hn_47521799,commented_on_story,1
jmportilla,hn_28131745,commented_on_story,1
jms55,hn_27676266,commented_on_story,1
jmull,hn_47167931,commented_on_story,1
jmward01,hn_45416228,commented_on_story,1
jmward01,hn_47963204,commented_on_story,1
jmyeet,hn_47664912,commented_on_story,1
jnd0,hn_46977210,commented_on_story,1
joaquincabezas,hn_42239323,commented_on_story,1
jocoda,hn_43448432,commented_on_story,1
joelthelion,hn_44031432,commented_on_story,1
johannesf,hn_45722635,commented_on_story,1
johnea,hn_43988315,commented_on_story,1
johnfn,hn_44966856,commented_on_story,1
johnfn,hn_47664912,commented_on_story,1
johnsmith1840,hn_46545620,commented_on_story,1
jokoon,hn_43739037,commented_on_story,1
jomadu,hn_45204768,posted_story,1
jondwillis,hn_37238648,commented_on_story,1
jongjong,hn_44780878,commented_on_story,1
jongjong,hn_44966856,commented_on_story,1
jongjong,hn_45320431,commented_on_story,1
jonnycomputer,hn_35657982,commented_on_story,1
jonstewart,hn_35264725,commented_on_story,1
jordemort,hn_27687450,commented_on_story,1
jorgeoguerra,hn_45722635,posted_story,1
josebalius,hn_29016506,commented_on_story,1
joshmlewis,hn_46545620,commented_on_story,1
joshstrange,hn_27697884,commented_on_story,1
joshstrange,hn_47768133,commented_on_story,1
joxel,hn_33226515,commented_on_story,1
jozvolskyef,hn_27697884,commented_on_story,1
jpcompartir,hn_47878905,commented_on_story,1
jpmonette,hn_43754620,commented_on_story,1
jqpabc123,hn_38840952,commented_on_story,1
jqpabc123,hn_43068027,commented_on_story,1
jrflo,hn_47963204,commented_on_story,1
jrflowers,hn_44864185,commented_on_story,1
jrm4,hn_32327711,commented_on_story,1
jrm4,hn_47664912,commented_on_story,1
jrnichols,hn_47282777,commented_on_story,1
jrockway,hn_35657982,commented_on_story,1
jrowen,hn_46227422,commented_on_story,1
jruz,hn_47660925,commented_on_story,1
jryio,hn_46593022,commented_on_story,1
js2,hn_44864185,commented_on_story,1
jslakro,hn_35470915,commented_on_story,1
jslakro,hn_42675725,commented_on_story,1
jsmith99,hn_44675557,commented_on_story,1
juancn,hn_44966856,commented_on_story,1
jumploops,hn_43163011,commented_on_story,1
jumploops,hn_43708025,commented_on_story,1
jusonchan81,hn_42453341,commented_on_story,1
jwpapi,hn_31825742,commented_on_story,1
jwpapi,hn_48037128,commented_on_story,1
jwr,hn_46978710,commented_on_story,1
jwr,hn_47660925,commented_on_story,1
jwrallie,hn_43708025,commented_on_story,1
jxjnskkzxxhx,hn_43448432,commented_on_story,1
k__,hn_27697884,commented_on_story,1
kachapopopow,hn_47006615,commented_on_story,1
kamranjon,hn_47878905,commented_on_story,1
kandros,hn_47963204,commented_on_story,1
kanemcgrath,hn_47923357,commented_on_story,1
kanyethegreat,hn_35152851,commented_on_story,1
karaterobot,hn_33457063,commented_on_story,1
karimf,hn_47584540,commented_on_story,1
karlpoppery,hn_47633396,commented_on_story,1
karsinkk,hn_47878905,commented_on_story,1
kator,hn_47660925,commented_on_story,2
kaydub,hn_46765460,commented_on_story,1
kazinator,hn_44742251,commented_on_story,1
kazinator,hn_47282777,commented_on_story,1
kcexn,hn_46765460,commented_on_story,1
keeda,hn_47077676,commented_on_story,1
keeda,hn_48037128,commented_on_story,1
keewee7,hn_28126015,commented_on_story,1
kelnos,hn_48037128,commented_on_story,1
ken47,hn_43739037,commented_on_story,1
kevcampb,hn_47521799,commented_on_story,1
kevincox,hn_32577624,commented_on_story,1
keyle,hn_32577624,commented_on_story,1
keyle,hn_46420453,commented_on_story,1
keysersoze33,hn_47762901,commented_on_story,1
kgeist,hn_45320431,commented_on_story,1
kgthegreat,hn_46420453,commented_on_story,2
kgwgk,hn_44811567,posted_story,1
kgwgk,hn_46765120,posted_story,1
kh_hk,hn_47633396,commented_on_story,1
kiernanmcgowan,hn_47077676,commented_on_story,1
kingkongjaffa,hn_46420453,commented_on_story,1
kinj28,hn_46227422,commented_on_story,1
kip_,hn_45416228,commented_on_story,1
kissgyorgy,hn_46978710,commented_on_story,1
kittikitti,hn_46810282,commented_on_story,1
kkarpkkarp,hn_46227422,commented_on_story,1
kklisura,hn_27687450,commented_on_story,1
kmlx,hn_43163011,commented_on_story,1
knes,hn_42239323,posted_story,1
knes,hn_45224742,posted_story,1
koevet,hn_47106686,commented_on_story,1
kommunicate,hn_48037128,commented_on_story,1
kookamamie,hn_44031432,commented_on_story,1
koonsolo,hn_27687450,commented_on_story,2
krackers,hn_44302870,commented_on_story,1
krapp,hn_42963279,commented_on_story,1
kriro,hn_36326525,commented_on_story,1
kristianp,hn_43708025,commented_on_story,1
kristianp,hn_46542036,commented_on_story,1
kristopolous,hn_43815033,commented_on_story,1
kristopolous,hn_46542036,commented_on_story,1
krm01,hn_46593022,commented_on_story,1
krrishd,hn_44966856,commented_on_story,1
krzyzanowskim,hn_47584540,commented_on_story,1
kschiffer,hn_47584540,commented_on_story,1
ksec,hn_42453341,posted_story,1
ktallett,hn_46765120,commented_on_story,1
kumarm,hn_43708025,commented_on_story,1
kurrupttt,hn_44148317,posted_story,1
kvonhorn,hn_39168105,commented_on_story,1
kwantaz,hn_42453341,commented_on_story,1
kypro,hn_35261065,commented_on_story,1
l0gr1thm1k,hn_40456457,commented_on_story,1
lancesells,hn_31825742,commented_on_story,1
larwent,hn_42675725,commented_on_story,1
laurex,hn_43988315,posted_story,1
layer8,hn_47586778,commented_on_story,1
lazystar,hn_47006615,commented_on_story,1
leadfootdrums,hn_47106686,commented_on_story,1
learningstud,hn_42963279,posted_story,1
lee101,hn_32327711,commented_on_story,1
leereeves,hn_28191362,commented_on_story,1
leesec,hn_28131745,commented_on_story,1
legrande,hn_34595503,commented_on_story,1
leke,hn_42675725,commented_on_story,2
lemonez,hn_45204768,commented_on_story,1
lenerdenator,hn_48037128,commented_on_story,1
lennoff,hn_27697884,commented_on_story,1
leobg,hn_35921375,commented_on_story,1
leobuskin,hn_47878905,commented_on_story,1
leotaku,hn_27676266,commented_on_story,1
levocardia,hn_44940089,commented_on_story,1
lewdwig,hn_45165897,commented_on_story,1
lfkdev,hn_35470915,commented_on_story,1
lherron,hn_47768133,commented_on_story,1
lherron,hn_47878905,commented_on_story,1
liampulles,hn_45320431,commented_on_story,2
libraryofbabel,hn_46545620,commented_on_story,1
liendolucas,hn_43448432,commented_on_story,1
liendolucas,hn_45320431,commented_on_story,1
light_hue_1,hn_36495680,commented_on_story,1
linkage,hn_44780878,commented_on_story,1
linsomniac,hn_39168105,commented_on_story,1
linsomniac,hn_43815033,commented_on_story,2
linsys,hn_47530870,commented_on_story,1
linuxftw,hn_46765120,commented_on_story,1
linuxhansl,hn_48037128,commented_on_story,1
lionkor,hn_29016506,commented_on_story,1
lionkor,hn_46978710,commented_on_story,1
liquid_thyme,hn_47521799,commented_on_story,1
literallyroy,hn_47838508,commented_on_story,1
llmslave2,hn_46534402,commented_on_story,1
lmeyerov,hn_46545620,commented_on_story,1
lmm,hn_44742251,commented_on_story,1
lobocinza,hn_27697884,commented_on_story,1
lobocinza,hn_39168105,commented_on_story,1
loceng,hn_40919253,commented_on_story,1
locusofself,hn_46978710,commented_on_story,1
loeg,hn_46545620,commented_on_story,1
lofaszvanitt,hn_44031432,commented_on_story,1
longrod,hn_31825742,commented_on_story,1
lossolo,hn_46593022,commented_on_story,1
lotsofpizza,hn_31211280,posted_story,1
lovasoa,hn_35261065,commented_on_story,1
loveparade,hn_47633396,commented_on_story,1
low_tech_punk,hn_32327711,commented_on_story,1
lsh123,hn_31825742,commented_on_story,1
lubujackson,hn_43988315,commented_on_story,1
lucideng,hn_46542036,commented_on_story,1
lukan,hn_47584540,commented_on_story,1
lukaslalinsky,hn_45163362,commented_on_story,1
lukebechtel,hn_47878905,commented_on_story,1
lukev,hn_44780878,commented_on_story,1
lumax15,hn_35152851,commented_on_story,5
lumb63,hn_40919253,commented_on_story,1
lveillard,hn_31825742,commented_on_story,1
m-hodges,hn_46420453,commented_on_story,1
m-hodges,hn_46545620,commented_on_story,1
m_ke,hn_35261065,commented_on_story,1
macinjosh,hn_46810282,commented_on_story,1
mad_vill,hn_36495680,commented_on_story,1
magicalhippo,hn_46985151,commented_on_story,1
manjotpahwa,hn_35958304,posted_story,1
mannanj,hn_46810282,commented_on_story,1
maplethorpe,hn_47006615,commented_on_story,1
marckrn,hn_45416228,commented_on_story,1
marcodiego,hn_27676266,commented_on_story,1
marginalia_nu,hn_46765120,commented_on_story,1
mariopt,hn_47633396,commented_on_story,1
mark_l_watson,hn_28131745,commented_on_story,1
mark_mcnally_je,hn_43708025,commented_on_story,1
marstall,hn_28131745,commented_on_story,1
martin-t,hn_46734302,commented_on_story,1
marvinvonhagen,hn_35921375,commented_on_story,1
marvinvonhagen,hn_35921375,posted_story,1
masukomi,hn_35657982,commented_on_story,1
matheus-rr,hn_47006615,commented_on_story,1
matheusmoreira,hn_47660925,commented_on_story,1
mathgladiator,hn_47006615,commented_on_story,1
mattdesl,hn_27687450,commented_on_story,1
matthewmacleod,hn_27697884,commented_on_story,1
matthieu_bl,hn_47768133,commented_on_story,1
matthieu_bl,hn_47768133,posted_story,1
maurits,hn_46765460,commented_on_story,1
maxbaines,hn_46542036,commented_on_story,1
maxbond,hn_47963204,commented_on_story,1
maxdo,hn_47167931,commented_on_story,1
maxloh,hn_32327711,commented_on_story,1
maxwellg,hn_44042070,commented_on_story,1
maxwells-daemon,hn_28131745,commented_on_story,1
mcast,hn_47963204,commented_on_story,1
mcbuilder,hn_43708025,commented_on_story,1
mcintyre1994,hn_27697884,commented_on_story,1
mcluck,hn_31825742,commented_on_story,1
mdaniel,hn_33226515,commented_on_story,1
mdaniel,hn_38710600,commented_on_story,1
mdasen,hn_44864185,commented_on_story,1
mdellavo,hn_27676266,commented_on_story,1
meander_water,hn_45163362,commented_on_story,1
mediaman,hn_46734302,commented_on_story,1
meebee,hn_47282777,commented_on_story,1
meetpateltech,hn_43163011,commented_on_story,1
meetpateltech,hn_44006398,posted_story,1
meetpateltech,hn_46977210,posted_story,1
meetpateltech,hn_47937388,posted_story,1
megaloblasto,hn_44811567,commented_on_story,1
mellosouls,hn_42239323,commented_on_story,1
mellosouls,hn_47768133,commented_on_story,1
mensetmanusman,hn_28131745,commented_on_story,1
mentalgear,hn_43448432,commented_on_story,1
mentalgear,hn_47521799,commented_on_story,1
mercurialsolo,hn_47768133,commented_on_story,1
merizian,hn_43815033,commented_on_story,1
mesmertech,hn_47584540,commented_on_story,1
meta-level,hn_47584540,commented_on_story,1
mettamage,hn_46765460,commented_on_story,1
mewse,hn_29016506,commented_on_story,1
mfiguiere,hn_43708025,posted_story,1
mfiguiere,hn_47878905,posted_story,1
mgaunard,hn_32327711,commented_on_story,1
mgdev,hn_43708025,commented_on_story,1
mgraczyk,hn_46089546,commented_on_story,1
mhandley,hn_35657982,commented_on_story,1
micromacrofoot,hn_44042070,commented_on_story,1
midtake,hn_46985151,commented_on_story,1
mihaifm,hn_27676266,commented_on_story,1
mikebiglan,hn_45168846,commented_on_story,1
mikebiglan,hn_45168846,posted_story,1
mikece,hn_44811567,commented_on_story,1
miketery,hn_32327711,commented_on_story,1
miki123211,hn_45163362,commented_on_story,1
miki123211,hn_46545620,commented_on_story,1
mikkelam,hn_35261065,commented_on_story,1
mil22,hn_47584540,commented_on_story,1
millgrove,hn_42857231,commented_on_story,1
miming99,hn_43894886,commented_on_story,1
mindcrime,hn_42675725,commented_on_story,1
minimaltom,hn_47584540,commented_on_story,1
minimaxir,hn_27676266,commented_on_story,1
minimaxir,hn_43448432,commented_on_story,1
minimaxir,hn_43815033,commented_on_story,1
minimaxir,hn_46542036,commented_on_story,1
minimaxir,hn_47768133,commented_on_story,1
mintflow,hn_45163362,commented_on_story,1
miroljub,hn_47923357,commented_on_story,1
mirzap,hn_46545620,commented_on_story,1
misja111,hn_44780878,commented_on_story,1
mistercheph,hn_42453341,commented_on_story,1
mjr00,hn_33226515,commented_on_story,1
mjrpes,hn_42675725,commented_on_story,1
mkagenius,hn_44675557,commented_on_story,1
mkaic,hn_28152743,commented_on_story,1
mkl,hn_45722635,commented_on_story,1
mlboss,hn_35264725,posted_story,1
mlepath,hn_42675725,commented_on_story,1
mlhpdx,hn_44940089,commented_on_story,1
mmoskal,hn_42239323,commented_on_story,1
mnls,hn_47762901,commented_on_story,1
mns,hn_44742251,commented_on_story,1
mobitar,hn_46765460,posted_story,1
modeless,hn_43163011,commented_on_story,1
mohsen1,hn_45416228,commented_on_story,1
mohsen1,hn_46734302,commented_on_story,1
mohsen1,hn_47584540,commented_on_story,1
moi2388,hn_44031432,commented_on_story,1
monerozcash,hn_46420453,commented_on_story,1
monkeydust,hn_28191362,commented_on_story,1
monocasa,hn_27687450,commented_on_story,1
moolcool,hn_44940089,commented_on_story,1
moomoo11,hn_45416228,commented_on_story,1
moonchrome,hn_35470915,commented_on_story,1
mooreds,hn_29016506,commented_on_story,1
mooreds,hn_44940089,posted_story,1
moralestapia,hn_47077676,commented_on_story,1
moridin,hn_45941579,posted_story,1
mossTechnician,hn_42453341,commented_on_story,1
motbus3,hn_43815033,commented_on_story,1
mr_mitm,hn_43448432,commented_on_story,1
mrandish,hn_46810282,commented_on_story,1
mrdosija,hn_46227422,commented_on_story,1
mritchie712,hn_36326525,commented_on_story,1
mritchie712,hn_45722635,commented_on_story,1
mrosett,hn_27687450,commented_on_story,1
mrosoff,hn_46707409,commented_on_story,1
mrtksn,hn_43193018,commented_on_story,1
mrtksn,hn_43815033,commented_on_story,1
mrweasel,hn_39168105,commented_on_story,1
mshanu,hn_44811567,commented_on_story,1
mska,hn_35470915,commented_on_story,1
msoad,hn_31825742,commented_on_story,1
msolujic,hn_46534402,posted_story,1
msp26,hn_46734302,commented_on_story,1
mtkd,hn_35657982,commented_on_story,1
mtnGoat,hn_27687450,commented_on_story,1
mtrifonov,hn_47597085,commented_on_story,1
muglug,hn_44031432,commented_on_story,1
mullingitover,hn_43988315,commented_on_story,1
munificent,hn_40919253,commented_on_story,1
muragekibicho,hn_44032267,posted_story,1
musicale,hn_43448432,commented_on_story,1
muzster,hn_28191362,commented_on_story,1
mvdtnz,hn_39168105,commented_on_story,1
mvdtnz,hn_40919253,commented_on_story,1
mvkel,hn_47106686,commented_on_story,1
mw1,hn_46996368,posted_story,1
my002,hn_47923357,commented_on_story,1
myin,hn_35470915,commented_on_story,1
mytailorisrich,hn_47077676,commented_on_story,1
mzajc,hn_47586778,commented_on_story,1
nachocoll,hn_47167931,commented_on_story,1
naet,hn_35921375,commented_on_story,1
naikrovek,hn_27687450,commented_on_story,1
naikrovek,hn_35657982,commented_on_story,1
naillo,hn_33457063,commented_on_story,1
naillo,hn_35261065,commented_on_story,1
naiv,hn_45044095,commented_on_story,1
nancyp,hn_40919253,commented_on_story,1
nashashmi,hn_40919253,commented_on_story,1
nasretdinov,hn_47077676,commented_on_story,1
natfriedman,hn_27676266,commented_on_story,1
nathan_f77,hn_45320431,commented_on_story,1
nathan_phoenix,hn_28191362,commented_on_story,1
nathancahill,hn_35470915,commented_on_story,1
navanchauhan,hn_45416228,commented_on_story,1
naveen99,hn_28191362,commented_on_story,1
nbittich,hn_43988315,commented_on_story,1
nbzso,hn_42675725,commented_on_story,1
ncr100,hn_47521799,commented_on_story,1
ncruces,hn_46765460,commented_on_story,1
ndepoel,hn_43739037,commented_on_story,1
ndr42,hn_47953249,posted_story,1
neilv,hn_29016506,commented_on_story,1
neilv,hn_43988315,commented_on_story,1
neilv,hn_44302870,commented_on_story,1
nemofoo,hn_43410866,commented_on_story,1
neonate,hn_43988315,commented_on_story,1
nesk_,hn_44742251,commented_on_story,1
net01,hn_44031432,commented_on_story,1
net01,hn_44031432,posted_story,1
netcyrax,hn_29016506,commented_on_story,1
netdur,hn_47768133,commented_on_story,1
netule,hn_47923357,commented_on_story,1
neumann,hn_45416228,commented_on_story,1
neural_thing,hn_43739037,commented_on_story,1
neuroo,hn_45106705,posted_story,1
neutronicus,hn_44811567,commented_on_story,1
never_inline,hn_43815033,commented_on_story,1
neya,hn_45320431,commented_on_story,1
nfw2,hn_47633396,commented_on_story,1
nicetryguy,hn_47167931,commented_on_story,1
nicholasreed,hn_16684276,commented_on_story,1
nicholasreed,hn_16684276,posted_story,1
nickdothutton,hn_47878905,commented_on_story,1
nickjj,hn_47923357,commented_on_story,1
nickjohnsteblay,hn_47282777,commented_on_story,1
nickserv,hn_45320431,commented_on_story,1
nicoburns,hn_46765120,commented_on_story,1
nikaspran,hn_35152851,commented_on_story,1
nikeee,hn_31825742,commented_on_story,1
nikkwong,hn_42675725,commented_on_story,1
nikolay,hn_47106686,commented_on_story,1
nindalf,hn_46420453,commented_on_story,1
ninjaa,hn_35152851,commented_on_story,1
nithinbekal,hn_46420453,commented_on_story,1
nivenclay,hn_43739037,commented_on_story,1
nixpulvis,hn_35261065,commented_on_story,1
nkko,hn_35152851,commented_on_story,1
nkmnz,hn_47006615,commented_on_story,1
nl,hn_32577624,commented_on_story,1
nl,hn_47633396,commented_on_story,1
nmstoker,hn_35470915,commented_on_story,1
nodja,hn_44031432,commented_on_story,1
noduerme,hn_48037128,commented_on_story,1
noidesto,hn_43708025,commented_on_story,1
noisy_boy,hn_46765460,commented_on_story,1
nojs,hn_44742251,commented_on_story,1
noname120,hn_44302870,commented_on_story,1
nonethewiser,hn_35264725,commented_on_story,1
noobermin,hn_33226515,commented_on_story,1
noosphr,hn_43448432,commented_on_story,1
norskeld,hn_45320431,commented_on_story,1
northfoxz,hn_28131745,commented_on_story,1
nottorp,hn_44302870,commented_on_story,1
nottorp,hn_46985151,commented_on_story,1
novalis78,hn_35921375,commented_on_story,1
noxa,hn_47660925,commented_on_story,1
nprateem,hn_35152851,commented_on_story,1
nrjames,hn_45416228,commented_on_story,1
nu11ptr,hn_35264725,commented_on_story,1
nullc,hn_33457063,commented_on_story,1
numpad0,hn_44966856,commented_on_story,1
numpad0,hn_45416228,commented_on_story,1
numpad0,hn_47167931,commented_on_story,1
nusl,hn_46985151,commented_on_story,1
nutellalover,hn_46545620,posted_story,1
nyellin,hn_46545620,commented_on_story,1
nyrikki,hn_46542036,commented_on_story,1
nzach,hn_44940089,commented_on_story,1
obilgic,hn_46094221,posted_story,1
occz,hn_44742251,commented_on_story,1
oceanhaiyang,hn_44940089,commented_on_story,1
october8140,hn_47838508,commented_on_story,1
oefrha,hn_27697884,commented_on_story,1
oefrha,hn_28126015,commented_on_story,1
ofirpress,hn_46545620,commented_on_story,1
ofirpress,hn_46810282,commented_on_story,1
ofrzeta,hn_48037128,commented_on_story,1
ogou,hn_47167931,commented_on_story,1
ohgr,hn_43448432,commented_on_story,1
ohjeez,hn_39853123,posted_story,1
ok123456,hn_44742251,commented_on_story,1
ok123456,hn_48037128,commented_on_story,1
oleggromov,hn_46420453,commented_on_story,1
ollysb,hn_45416228,commented_on_story,1
olup,hn_42453341,commented_on_story,1
omnster,hn_35921375,commented_on_story,1
onion2k,hn_27676266,commented_on_story,1
onion2k,hn_47077676,commented_on_story,1
ontouchstart,hn_47664912,commented_on_story,1
orph,hn_28131224,posted_story,1
orph,hn_29016506,posted_story,1
orra,hn_42453341,commented_on_story,1
osculum,hn_44675557,commented_on_story,1
ossa-ma,hn_46593022,commented_on_story,1
outside1234,hn_43739037,commented_on_story,2
overgard,hn_47077676,commented_on_story,1
oxag3n,hn_46765460,commented_on_story,1
oxag3n,hn_47762901,commented_on_story,1
oxag3n,hn_47768133,commented_on_story,1
ozozozd,hn_46734302,commented_on_story,1
ozten,hn_46765120,commented_on_story,1
p-e-w,hn_35921375,commented_on_story,1
p1necone,hn_44966856,commented_on_story,1
p1necone,hn_47838508,commented_on_story,1
p3rls,hn_44302870,commented_on_story,1
p3rry,hn_43708025,commented_on_story,1
pabs3,hn_32327711,commented_on_story,1
padjo,hn_39168105,commented_on_story,1
painter842,hn_39057633,posted_story,1
palad1n,hn_46510980,posted_story,1
palata,hn_44742251,commented_on_story,1
palmotea,hn_47282777,commented_on_story,1
papito,hn_27697884,commented_on_story,1
paradite,hn_45416228,commented_on_story,1
parhamn,hn_29016506,commented_on_story,1
parquor,hn_46810282,commented_on_story,1
password4321,hn_47633396,commented_on_story,1
passwordoops,hn_40919253,commented_on_story,1
patwolf,hn_27676266,commented_on_story,1
paulhodge,hn_45320431,commented_on_story,1
paulis,hn_33226515,commented_on_story,1
paulmooreparks,hn_44966856,commented_on_story,1
pavel_lishin,hn_46734302,posted_story,1
paxys,hn_42453341,commented_on_story,1
pdimitar,hn_43193018,commented_on_story,1
pdyc,hn_47963204,commented_on_story,1
peacebeard,hn_47586778,commented_on_story,1
perlgeek,hn_40919253,commented_on_story,1
perrygeo,hn_46734302,commented_on_story,1
perrygeo,hn_46978710,commented_on_story,1
persedes,hn_46810282,commented_on_story,1
pestkranker,hn_42453341,commented_on_story,1
peteforde,hn_47167931,commented_on_story,1
peteforde,hn_47838508,commented_on_story,1
petepete,hn_29016506,commented_on_story,1
peterbell_nyc,hn_48037128,commented_on_story,1
peterkelly,hn_27697884,commented_on_story,1
peyton,hn_47762901,commented_on_story,1
phaedrus,hn_46734302,commented_on_story,1
phantom32,hn_35264725,commented_on_story,1
phendrenad2,hn_35657982,commented_on_story,1
phendrenad2,hn_39168105,commented_on_story,1
phendrenad2,hn_46765120,commented_on_story,1
phendrenad2,hn_47521799,commented_on_story,1
philipp-gayret,hn_44742251,commented_on_story,1
phillipcarter,hn_47660925,commented_on_story,1
philsnow,hn_44302870,commented_on_story,1
phkahler,hn_35152851,commented_on_story,1
phren0logy,hn_46734302,commented_on_story,1
pianopatrick,hn_46734302,commented_on_story,1
pixelpoet,hn_32327711,commented_on_story,1
pixl97,hn_47586778,commented_on_story,1
pizzafeelsright,hn_47521799,commented_on_story,1
pjm331,hn_44811567,commented_on_story,1
pjmlp,hn_47282777,commented_on_story,1
pjmlp,hn_47660925,commented_on_story,1
planb,hn_31825742,commented_on_story,1
pleb_nz,hn_35261065,commented_on_story,1
pledess,hn_40919253,commented_on_story,1
plondon514,hn_31825742,commented_on_story,1
pmarreck,hn_46765120,commented_on_story,1
podnami,hn_47878905,commented_on_story,1
pogue,hn_45165897,commented_on_story,1
pojzon,hn_46810282,commented_on_story,1
pokemyiout,hn_46420453,commented_on_story,1
polalavik,hn_46227422,commented_on_story,1
polyrand,hn_45416228,posted_story,1
post-it,hn_47664912,commented_on_story,1
postalcoder,hn_47923357,commented_on_story,1
pranavm27,hn_46420453,commented_on_story,1
pratikshelar871,hn_44966856,commented_on_story,1
precompute,hn_35152851,commented_on_story,1
pred_,hn_47521799,commented_on_story,1
prefork,hn_47521799,posted_story,1
preston-kwei,hn_47586778,commented_on_story,1
primax,hn_35152851,commented_on_story,1
privalyse,hn_46301810,commented_on_story,1
privalyse,hn_46301810,posted_story,1
prmph,hn_44864185,commented_on_story,1
prodigycorp,hn_46545620,commented_on_story,1
program_whiz,hn_46765120,commented_on_story,1
protocolture,hn_43815033,commented_on_story,1
protomyth,hn_33457063,commented_on_story,1
pseudonymouspat,hn_36326525,commented_on_story,1
ptx,hn_47077676,commented_on_story,1
pugets,hn_29016506,commented_on_story,1
puppycodes,hn_45722635,commented_on_story,1
puppystench,hn_47878905,commented_on_story,1
purpleblue,hn_40919253,commented_on_story,1
pwdisswordfish8,hn_27697884,commented_on_story,1
pyduan,hn_38710600,commented_on_story,1
pyrale,hn_44780878,commented_on_story,1
qalmakka,hn_44811567,commented_on_story,1
qaz_plm,hn_47838508,commented_on_story,1
quantadev,hn_44031432,commented_on_story,1
quibono,hn_45165897,commented_on_story,1
quicklime,hn_35657982,commented_on_story,1
qwertox,hn_35921375,commented_on_story,1
qwertox,hn_42675725,commented_on_story,1
qwertox,hn_46978710,commented_on_story,1
qwerty3344,hn_35264725,commented_on_story,1
qwertytyyuu,hn_44940089,commented_on_story,1
qwesr123,hn_46810282,commented_on_story,1
qwesr123,hn_46810282,posted_story,1
r3trohack3r,hn_33457063,commented_on_story,1
r_murphey,hn_44811567,commented_on_story,1
r_thambapillai,hn_36326525,posted_story,1
raduan,hn_44742251,commented_on_story,1
raggi,hn_44742251,commented_on_story,1
rahimnathwani,hn_43410866,commented_on_story,1
ralph84,hn_27687450,commented_on_story,1
ramesh31,hn_44042070,commented_on_story,1
ramesh31,hn_47584540,commented_on_story,1
ramon156,hn_46765460,commented_on_story,1
ramon156,hn_46978710,commented_on_story,1
ramon156,hn_47633396,commented_on_story,1
ramoz,hn_43708025,commented_on_story,1
ramoz,hn_43988315,commented_on_story,1
ramoz,hn_46734302,commented_on_story,1
randallsquared,hn_46227422,commented_on_story,1
randfish,hn_40456457,commented_on_story,1
randomNumber7,hn_44493503,commented_on_story,1
randomifcpfan,hn_44780878,commented_on_story,1
raptorraver,hn_47106686,commented_on_story,1
rasz,hn_43448432,commented_on_story,1
raydenvm,hn_44177525,posted_story,1
rayxi271828,hn_47282777,commented_on_story,1
rbalicki,hn_44780878,commented_on_story,1
rbarrois,hn_27687450,commented_on_story,1
rcarmo,hn_43815033,commented_on_story,1
rcarmo,hn_43988315,commented_on_story,1
rcfox,hn_47077676,commented_on_story,1
reassess_blind,hn_46542036,commented_on_story,1
reconnecting,hn_47664912,commented_on_story,1
recroad,hn_47106686,commented_on_story,1
rectang,hn_47521799,commented_on_story,1
rectang,hn_47838508,commented_on_story,1
recursivedoubts,hn_46765460,commented_on_story,1
red_hare,hn_47106686,commented_on_story,1
redfloatplane,hn_46593022,commented_on_story,1
redleggedfrog,hn_43448432,commented_on_story,1
reedf1,hn_46765460,commented_on_story,1
refulgentis,hn_28131745,commented_on_story,1
regexorcist,hn_47963204,commented_on_story,1
rehearsalsj,hn_44302870,commented_on_story,1
rektide,hn_35708449,commented_on_story,1
ren_engineer,hn_35261065,commented_on_story,1
rendall,hn_27697884,commented_on_story,1
renegade-otter,hn_46542036,commented_on_story,1
replyifuagree,hn_43988315,commented_on_story,1
resonious,hn_33226515,commented_on_story,1
restlessforge,hn_47597085,commented_on_story,1
retrocryptid,hn_35261065,commented_on_story,1
rglover,hn_44864185,commented_on_story,1
rglover,hn_46227422,commented_on_story,1
rglover,hn_47167931,commented_on_story,1
rhacker,hn_27687450,commented_on_story,1
rich_sasha,hn_46765460,commented_on_story,1
richardw,hn_42453341,commented_on_story,1
richardw,hn_47768133,commented_on_story,1
rileymichael,hn_47660925,commented_on_story,1
rileyphone,hn_35152851,commented_on_story,1
ripbozo,hn_47586778,commented_on_story,1
rishsriv,hn_36326525,commented_on_story,1
riskassessment,hn_44811567,commented_on_story,1
riskyingo,hn_43462171,commented_on_story,1
riwsky,hn_46734302,commented_on_story,1
rldjbpin,hn_47838508,commented_on_story,1
rmonvfer,hn_44042070,commented_on_story,1
rmoriz,hn_45163362,commented_on_story,1
rob_c,hn_45163362,commented_on_story,1
robertclaus,hn_43815033,commented_on_story,1
robeym,hn_47521799,commented_on_story,1
roger_,hn_43410866,commented_on_story,1
rolph,hn_40919253,commented_on_story,1
romanovcode,hn_43708025,commented_on_story,1
ronbenton,hn_46542036,commented_on_story,1
rpicard,hn_43068027,commented_on_story,1
rsynnott,hn_39168105,commented_on_story,1
rtfeldman,hn_43448432,commented_on_story,1
rtp4me,hn_46765460,commented_on_story,1
ru6xul6,hn_40375497,posted_story,1
rubenfiszel,hn_36495680,commented_on_story,1
rubzah,hn_47762901,commented_on_story,1
rufius,hn_35574501,commented_on_story,1
rurban,hn_44811567,commented_on_story,1
russellbeattie,hn_35921375,commented_on_story,1
rvz,hn_28126015,commented_on_story,1
rvz,hn_42453341,commented_on_story,1
rvz,hn_44780878,commented_on_story,1
rvz,hn_47633396,commented_on_story,1
ryanackley,hn_44042070,commented_on_story,1
ryanmcgarvey,hn_39168105,commented_on_story,1
ryao,hn_44302870,commented_on_story,1
rybosworld,hn_43815033,commented_on_story,1
s-xyz,hn_35152851,commented_on_story,1
s1mplicissimus,hn_44966856,commented_on_story,1
saagarjha,hn_43739037,commented_on_story,1
sachinjain,hn_43193018,commented_on_story,1
sachinjain,hn_43193018,posted_story,1
sagarpatil,hn_40919253,commented_on_story,1
saikatsg,hn_42675725,posted_story,1
saikatsg,hn_43739037,posted_story,1
sailfast,hn_46765460,commented_on_story,1
salahadawi,hn_47838508,commented_on_story,1
samename,hn_47006615,commented_on_story,1
sametmax,hn_35574501,commented_on_story,1
samiv,hn_46593022,commented_on_story,1
samiv,hn_47282777,commented_on_story,1
sammorrowdrums,hn_31825742,posted_story,1
sams99,hn_46545620,commented_on_story,1
samspenc,hn_40919253,posted_story,1
samtp,hn_43988315,commented_on_story,1
samwho,hn_46420453,commented_on_story,1
samwillis,hn_35657982,commented_on_story,1
sandeepkd,hn_46810282,commented_on_story,1
sandinmyjoints,hn_46734302,commented_on_story,1
sanskritical,hn_46765120,commented_on_story,1
sargstuff,hn_44148317,commented_on_story,1
sarmadgulzar,hn_40775127,commented_on_story,1
sarmadgulzar,hn_40775127,posted_story,1
sathish316,hn_46545620,commented_on_story,1
satvikpendem,hn_45416228,commented_on_story,1
satvikpendem,hn_46227422,commented_on_story,1
saulpw,hn_47664912,commented_on_story,1
saurabh20n,hn_35152851,commented_on_story,1
schlowmo,hn_44966856,commented_on_story,1
schmuhblaster,hn_46545620,commented_on_story,1
schnebbau,hn_27687450,commented_on_story,1
scorpioxy,hn_45320431,commented_on_story,1
scottLobster,hn_47282777,commented_on_story,1
scottbez1,hn_47963204,commented_on_story,1
scotty79,hn_44742251,commented_on_story,1
scrame,hn_47664912,commented_on_story,1
scuff3d,hn_45224742,commented_on_story,1
sdflhasjd,hn_27697884,commented_on_story,1
sdwr,hn_32577624,commented_on_story,1
seanwilson,hn_33226515,commented_on_story,1
seanwilson,hn_47586778,commented_on_story,1
sebastiennight,hn_46227422,commented_on_story,1
sebzim4500,hn_35152851,commented_on_story,2
section_me,hn_47521799,commented_on_story,1
sedatk,hn_45163362,commented_on_story,1
seethishat,hn_47762901,commented_on_story,1
sefrost,hn_47923357,commented_on_story,1
seifbenayed1992,hn_47584540,commented_on_story,1
semicolon_storm,hn_47664912,commented_on_story,1
serf,hn_44864185,commented_on_story,1
serf,hn_47664912,commented_on_story,1
sethops1,hn_44031432,commented_on_story,1
sfjailbird,hn_43448432,commented_on_story,1
shadowgovt,hn_39168105,commented_on_story,1
shannoncc,hn_47282777,posted_story,1
shaunxcode,hn_35470915,commented_on_story,1
shebeurb,hn_44302870,commented_on_story,1
sheeshkebab,hn_47584540,commented_on_story,1
shekhargulati,hn_43708025,commented_on_story,1
shermantanktop,hn_46734302,commented_on_story,1
shevy-java,hn_46542036,commented_on_story,1
shevy-java,hn_46978710,commented_on_story,1
shevy-java,hn_47838508,commented_on_story,1
shivaniShimpi_,hn_47762901,commented_on_story,1
shmolyneaux,hn_47838508,commented_on_story,1
shmoogy,hn_43754620,commented_on_story,1
shrubble,hn_47963204,commented_on_story,1
shusaku,hn_44966856,commented_on_story,1
shuwan,hn_45722635,commented_on_story,1
shwouchk,hn_44031432,commented_on_story,1
sibtain1997,hn_47597085,commented_on_story,1
siilats,hn_33226515,commented_on_story,1
siilats,hn_42453341,commented_on_story,1
siliconc0w,hn_44966856,commented_on_story,1
silverlight,hn_46810282,commented_on_story,1
sim7c00,hn_43708025,commented_on_story,1
simanyay,hn_43462171,posted_story,1
simianwords,hn_47586778,commented_on_story,2
simias,hn_27697884,commented_on_story,1
simonw,hn_35470915,commented_on_story,1
simonw,hn_35921375,commented_on_story,2
simonw,hn_39168105,commented_on_story,1
simonw,hn_43163011,commented_on_story,1
simonw,hn_45416228,commented_on_story,1
simonw,hn_46593022,commented_on_story,2
simonw,hn_46765460,commented_on_story,1
simonw,hn_47167931,commented_on_story,1
simonw,hn_47664912,commented_on_story,1
simonw,hn_47923357,commented_on_story,1
simple10,hn_47597085,commented_on_story,1
singularity2001,hn_45416228,commented_on_story,1
siva7,hn_35264725,commented_on_story,1
siva7,hn_43754620,commented_on_story,1
sixhobbits,hn_44864185,posted_story,1
sjamaan,hn_47762901,commented_on_story,1
sjdonado,hn_45320431,posted_story,1
skeeter2020,hn_45320431,commented_on_story,1
skeledrew,hn_47878905,commented_on_story,1
skerit,hn_43193018,commented_on_story,1
skippyboxedhero,hn_47660925,commented_on_story,1
skrunch,hn_46985151,commented_on_story,1
slantedview,hn_43163011,commented_on_story,1
slfnflctd,hn_46734302,commented_on_story,1
slicktux,hn_40919253,commented_on_story,1
slimebot80,hn_43789822,posted_story,1
sltr,hn_45320431,commented_on_story,1
smallerfish,hn_43193018,commented_on_story,1
sminchev,hn_47768133,commented_on_story,1
smnplk,hn_43739037,commented_on_story,1
sneak,hn_47664912,commented_on_story,1
snvzz,hn_29016506,commented_on_story,1
snvzz,hn_40919253,commented_on_story,1
sodality2,hn_44302870,commented_on_story,1
softwaredoug,hn_44031432,commented_on_story,1
sohaibtariq,hn_47530870,posted_story,1
solarkraft,hn_42453341,commented_on_story,1
solatic,hn_44780878,commented_on_story,1
soledades,hn_29016506,commented_on_story,1
solomatov,hn_33457063,commented_on_story,1
somewhatjustin,hn_47664912,commented_on_story,1
somewhereoutth,hn_47006615,commented_on_story,1
sooham,hn_28126015,commented_on_story,1
sornaensis,hn_47838508,commented_on_story,1
sosodev,hn_45722635,commented_on_story,1
sosodev,hn_46542036,commented_on_story,1
sovietmudkipz,hn_47838508,commented_on_story,1
spaniard89277,hn_39168105,commented_on_story,1
spaniard89277,hn_47762901,commented_on_story,1
spankalee,hn_44966856,commented_on_story,1
sparin9,hn_47106686,commented_on_story,1
specproc,hn_47838508,commented_on_story,1
spenvo,hn_47942954,posted_story,1
sph,hn_47521799,commented_on_story,1
spicyusername,hn_46420453,commented_on_story,1
splonk,hn_46985151,commented_on_story,1
spoaceman7777,hn_45320431,commented_on_story,1
spyder,hn_44864185,commented_on_story,1
spzb,hn_46420453,commented_on_story,1
sqs,hn_35152851,commented_on_story,1
sreekanth850,hn_44742251,commented_on_story,1
srid,hn_47106686,commented_on_story,1
sschueller,hn_47963204,commented_on_story,1
sshadmand,hn_46227422,commented_on_story,1
sshine,hn_44780878,commented_on_story,1
sssilver,hn_47963204,commented_on_story,1
ssutch3,hn_44493503,posted_story,1
st3fan,hn_42675725,commented_on_story,1
stabbles,hn_47923357,commented_on_story,1
stagas,hn_32327711,commented_on_story,1
standarditem,hn_46985151,commented_on_story,1
stared,hn_44780878,commented_on_story,1
stared,hn_45416228,commented_on_story,1
stared,hn_46542036,commented_on_story,1
stared,hn_46810282,commented_on_story,1
stavros,hn_47167931,commented_on_story,1
stavros,hn_47586778,commented_on_story,1
stefankuehnel,hn_47521799,commented_on_story,1
stefanos82,hn_47521799,commented_on_story,1
stego-tech,hn_47923357,commented_on_story,1
steipete,hn_46593022,commented_on_story,1
stevage,hn_45320431,commented_on_story,1
steveBK123,hn_46810282,commented_on_story,1
steve_adams_86,hn_35261065,commented_on_story,1
stevenslade,hn_46545620,commented_on_story,1
stillpointlab,hn_46978710,commented_on_story,1
stingraycharles,hn_47597085,commented_on_story,1
strangescript,hn_43754620,commented_on_story,1
strawhatguy,hn_47006615,commented_on_story,1
stuaxo,hn_47282777,commented_on_story,1
stuckinhell,hn_35261065,commented_on_story,1
subarctic,hn_44742251,commented_on_story,1
submeta,hn_43754620,commented_on_story,1
submeta,hn_44811567,commented_on_story,1
summarity,hn_47660925,commented_on_story,1
summarity,hn_47768133,commented_on_story,1
sunaookami,hn_45416228,commented_on_story,1
superconduct123,hn_43246130,posted_story,1
supratims,hn_46227422,commented_on_story,1
suriya-ganesh,hn_46734302,commented_on_story,1
svnt,hn_46978710,commented_on_story,1
swalls,hn_31825742,commented_on_story,1
swatcoder,hn_35152851,commented_on_story,1
swe_dima,hn_47106686,commented_on_story,1
swyx,hn_35708449,posted_story,1
swyx,hn_37065734,commented_on_story,1
swyx,hn_43708025,commented_on_story,1
swyx,hn_44042070,commented_on_story,1
swyx,hn_47597085,commented_on_story,1
syl5x,hn_47633396,commented_on_story,1
sync,hn_44031432,commented_on_story,1
syntaxing,hn_35264725,commented_on_story,1
syntaxing,hn_35470915,commented_on_story,1
t0md4n,hn_44864185,commented_on_story,1
t55,hn_43163011,commented_on_story,1
t_believ-er873,hn_43246130,commented_on_story,1
tabs_or_spaces,hn_47106686,commented_on_story,1
tacoooooooo,hn_46593022,commented_on_story,1
taf2,hn_47963204,commented_on_story,1
tahirk99,hn_46420453,commented_on_story,1
talboren,hn_38840952,posted_story,1
tangotaylor,hn_43815033,commented_on_story,1
taubek,hn_47077676,posted_story,1
taurath,hn_44031432,commented_on_story,1
taurath,hn_46089546,commented_on_story,1
tavavex,hn_47282777,commented_on_story,1
td2,hn_47963204,commented_on_story,1
teaearlgraycold,hn_35921375,commented_on_story,1
techapple,hn_42963279,commented_on_story,1
techpression,hn_47597085,commented_on_story,1
tectonic,hn_28191362,commented_on_story,1
tectonic,hn_28191362,posted_story,1
teddyh,hn_35152851,commented_on_story,1
tedk-42,hn_45163362,commented_on_story,1
teekert,hn_44042070,commented_on_story,1
tehologist,hn_35657982,commented_on_story,1
teichmann,hn_47762901,posted_story,1
telaandrews2,hn_40456457,commented_on_story,1
temp8964,hn_28131745,commented_on_story,1
terminalbraid,hn_43193018,commented_on_story,1
tern,hn_46978710,commented_on_story,1
testfrequency,hn_46978710,commented_on_story,1
thangalin,hn_47282777,commented_on_story,1
thdxr,hn_31825742,commented_on_story,1
the42thdoctor,hn_35470915,commented_on_story,1
theYipster,hn_47006615,commented_on_story,1
the_af,hn_44940089,commented_on_story,1
the_doctah,hn_44940089,commented_on_story,1
theanonymousone,hn_47923357,commented_on_story,1
thecal,hn_42675725,commented_on_story,1
thecopy,hn_47838508,commented_on_story,1
thedangler,hn_42675725,commented_on_story,1
theden,hn_27676266,commented_on_story,1
thefj,hn_27697884,commented_on_story,1
thendrill,hn_46227422,commented_on_story,1
thenoblesunfish,hn_44742251,commented_on_story,1
theowijrhrjrj48,hn_44042070,commented_on_story,1
theptip,hn_45163362,commented_on_story,1
theptip,hn_46542036,commented_on_story,1
thesmart,hn_47521799,commented_on_story,1
thewisenerd,hn_46227422,commented_on_story,1
thiagowfx,hn_46545620,commented_on_story,1
thih9,hn_42675725,commented_on_story,1
thom,hn_45722635,commented_on_story,1
thom-gtdp,hn_47912500,commented_on_story,1
thomasfromcdnjs,hn_46985151,commented_on_story,1
thorum,hn_33226515,commented_on_story,1
thorum,hn_46734302,commented_on_story,1
thot_experiment,hn_42453341,commented_on_story,1
threatofrain,hn_29016506,commented_on_story,1
threecheese,hn_47963204,commented_on_story,1
threethirtytwo,hn_46810282,commented_on_story,1
throwatdem12311,hn_47597085,commented_on_story,1
throwaway-11-1,hn_44864185,commented_on_story,1
throwaway128327,hn_28131745,commented_on_story,1
throwaway7783,hn_47006615,commented_on_story,1
throwaway85825,hn_47923357,commented_on_story,1
thrwawy74,hn_33226515,commented_on_story,1
thunderbong,hn_44742251,posted_story,1
thundergolfer,hn_27687450,commented_on_story,1
timcobb,hn_46765460,commented_on_story,1
timuckun,hn_44780878,commented_on_story,1
tinyhouse,hn_46765120,commented_on_story,1
tippytippytango,hn_43988315,commented_on_story,1
tjr,hn_47006615,commented_on_story,1
tkgally,hn_44302870,commented_on_story,1
tkgally,hn_47282777,commented_on_story,1
tndibona,hn_47282777,commented_on_story,1
toastal,hn_35264725,commented_on_story,1
toddmorrow,hn_47167931,commented_on_story,1
todsacerdoti,hn_27676266,posted_story,1
todsacerdoti,hn_35261065,posted_story,1
todsacerdoti,hn_44302870,posted_story,1
tokai,hn_43193018,commented_on_story,1
tolerance,hn_46593022,commented_on_story,1
toliveistobuild,hn_46978710,commented_on_story,1
tomaytotomato,hn_46765120,commented_on_story,1
tomjuggler,hn_47963204,commented_on_story,1
tommica,hn_35264725,commented_on_story,1
tonyoconnell,hn_46227422,commented_on_story,1
toobulkeh,hn_40456457,commented_on_story,1
toomuchtodo,hn_40775127,commented_on_story,1
topher6345,hn_33457063,commented_on_story,1
torben-friis,hn_43815033,commented_on_story,1
torhorway,hn_45320431,commented_on_story,1
toss1,hn_46542036,commented_on_story,1
tptacek,hn_44864185,commented_on_story,1
tptacek,hn_46227422,commented_on_story,1
tptacek,hn_46545620,commented_on_story,1
transitorykris,hn_47167931,commented_on_story,1
trashtensor,hn_43448432,commented_on_story,1
trb,hn_47963204,commented_on_story,1
treexs,hn_47584540,commented_on_story,1
treexs,hn_47584540,posted_story,1
trevor-e,hn_42675725,commented_on_story,1
troupo,hn_46420453,commented_on_story,1
troyvit,hn_46542036,commented_on_story,1
trq_,hn_46810282,commented_on_story,1
truculent,hn_29016506,commented_on_story,1
truly,hn_29016506,commented_on_story,1
trumbitta2,hn_45416228,commented_on_story,1
try-working,hn_47923357,commented_on_story,1
tschellenbach,hn_44940089,commented_on_story,1
ttul,hn_31211280,commented_on_story,1
ttul,hn_36495680,commented_on_story,1
turing_complete,hn_44042070,commented_on_story,1
turingsroot,hn_47106686,commented_on_story,1
turnwrighthere,hn_47137164,posted_story,1
turtlebits,hn_48037128,commented_on_story,1
turtleyacht,hn_35921375,commented_on_story,1
tvirosi,hn_28191362,commented_on_story,1
twalkz,hn_44675557,commented_on_story,1
twobitshifter,hn_47768133,commented_on_story,1
tyingq,hn_27687450,commented_on_story,1
tyingq,hn_27697884,commented_on_story,2
tyingq,hn_28131745,commented_on_story,1
tylerloveamber,hn_47586778,commented_on_story,1
tynpeddler,hn_27697884,commented_on_story,1
tzury,hn_47633396,commented_on_story,1
u8,hn_48037128,commented_on_story,1
uberman,hn_43462171,commented_on_story,1
ucefkh,hn_42239323,commented_on_story,1
udbhavs,hn_43708025,commented_on_story,1
ugh123,hn_35657982,commented_on_story,1
uglycoyote,hn_35470915,commented_on_story,1
ukoki,hn_27697884,commented_on_story,1
ulaw,hn_46545620,commented_on_story,1
uludag,hn_42453341,commented_on_story,1
umaar,hn_43163011,commented_on_story,1
umvi,hn_44864185,commented_on_story,1
underdeserver,hn_48037128,commented_on_story,1
underlines,hn_43754620,commented_on_story,1
unethical_ban,hn_45163362,commented_on_story,1
unholiness,hn_40775127,commented_on_story,1
unosama,hn_35470915,commented_on_story,1
unpipable,hn_29016506,commented_on_story,1
usecodenaija,hn_43708025,commented_on_story,1
usefulposter,hn_46734302,commented_on_story,1
user_4028b09,hn_43754620,commented_on_story,1
userbinator,hn_39168105,commented_on_story,1
vanschelven,hn_43988315,commented_on_story,1
vanyaland,hn_47584540,commented_on_story,1
varenc,hn_35921375,commented_on_story,1
vbezhenar,hn_35261065,commented_on_story,1
vbezhenar,hn_43163011,commented_on_story,1
vbezhenar,hn_47584540,commented_on_story,1
vednig,hn_45722635,commented_on_story,1
vemv,hn_44811567,commented_on_story,1
verdverm,hn_32577624,commented_on_story,1
verdverm,hn_42453341,commented_on_story,1
verdverm,hn_45761979,commented_on_story,1
verdverm,hn_46765120,commented_on_story,1
version_five,hn_36326525,commented_on_story,1
vessenes,hn_43410866,commented_on_story,1
vessenes,hn_47768133,commented_on_story,1
vibe101,hn_47006615,commented_on_story,1
viccis,hn_47586778,commented_on_story,1
victorbuilds,hn_46089546,posted_story,1
vikp,hn_35470915,commented_on_story,1
vincent0405,hn_43754620,commented_on_story,1
vincent_s,hn_28126015,posted_story,1
vincnetas,hn_28131745,commented_on_story,1
vinhnx,hn_46545620,commented_on_story,1
vinhnx,hn_47106686,posted_story,1
vintagedave,hn_46978710,commented_on_story,1
vintagedave,hn_47878905,commented_on_story,1
virtualritz,hn_47660925,commented_on_story,1
vitalikpie,hn_47538125,posted_story,1
vivzkestrel,hn_47597085,commented_on_story,1
vkaku,hn_33226515,commented_on_story,1
vmaurin,hn_48037128,commented_on_story,1
voldemort1968,hn_29016506,commented_on_story,1
voxadam,hn_46542036,posted_story,1
voxleone,hn_44302870,commented_on_story,1
w-m,hn_35261065,commented_on_story,2
w10-1,hn_35657982,commented_on_story,1
w10-1,hn_47106686,commented_on_story,1
w10-1,hn_47167931,commented_on_story,1
w1zzy,hn_32577624,commented_on_story,1
waffletower,hn_47167931,commented_on_story,1
walthamstow,hn_47838508,commented_on_story,1
wara23arish,hn_29016506,commented_on_story,1
warbler73,hn_33457063,commented_on_story,1
warpech,hn_27687450,commented_on_story,1
warrenmiller,hn_44780878,commented_on_story,1
wazHFsRy,hn_47006615,commented_on_story,1
wbharding,hn_39168105,commented_on_story,1
web3-is-a-scam,hn_35261065,commented_on_story,1
web3-is-a-scam,hn_39168105,commented_on_story,1
wedn3sday,hn_44864185,commented_on_story,1
wek,hn_46420453,commented_on_story,1
wek,hn_48037128,commented_on_story,1
wessorh,hn_46765120,commented_on_story,2
wewewedxfgdf,hn_47077676,commented_on_story,1
wg0,hn_27687450,commented_on_story,1
wg0,hn_45163362,commented_on_story,1
wg0,hn_47586778,commented_on_story,1
wg0,hn_48037128,commented_on_story,1
whatever1,hn_46089546,commented_on_story,1
whatever1,hn_47838508,commented_on_story,1
williamcotton,hn_33226515,commented_on_story,1
windex,hn_47167931,commented_on_story,1
wiseowise,hn_38710600,commented_on_story,1
wiseowise,hn_47282777,commented_on_story,1
wklm,hn_47597085,commented_on_story,1
wnevets,hn_47660925,commented_on_story,1
woah,hn_47660925,commented_on_story,1
wodenokoto,hn_27697884,commented_on_story,1
woeirua,hn_47768133,commented_on_story,1
wokwokwok,hn_35921375,commented_on_story,1
wokwokwok,hn_47106686,commented_on_story,1
wongarsu,hn_35470915,commented_on_story,1
woodruffw,hn_44780878,commented_on_story,1
wordswords2,hn_46734302,commented_on_story,1
wpietri,hn_27676266,commented_on_story,1
wsxiaoys,hn_35470915,posted_story,1
wsxiaoys,hn_42675725,commented_on_story,1
wwarner,hn_44811567,commented_on_story,1
wyuenho,hn_44811567,commented_on_story,1
xchip,hn_33457063,commented_on_story,1
xchip,hn_45320431,commented_on_story,1
xcodevn,hn_46765460,commented_on_story,1
xeiotos,hn_47077676,commented_on_story,1
xianshou,hn_43988315,commented_on_story,1
xnx,hn_43193018,commented_on_story,1
xnx,hn_43815033,commented_on_story,1
xpe,hn_47963204,commented_on_story,1
xqliu,hn_41329263,posted_story,1
xrd,hn_32577624,commented_on_story,1
xvilka,hn_35470915,commented_on_story,1
xyproto,hn_43754620,commented_on_story,1
xyst,hn_44940089,commented_on_story,1
y1n0,hn_47942954,commented_on_story,1
y42,hn_40387453,commented_on_story,1
yanis_t,hn_35261065,commented_on_story,1
yawnxyz,hn_46765460,commented_on_story,1
yazzku,hn_40919253,commented_on_story,1
yellowapple,hn_35657982,commented_on_story,1
yester01,hn_43163011,commented_on_story,1
yewenjie,hn_28126015,commented_on_story,1
yieldcrv,hn_44042070,commented_on_story,1
yieldcrv,hn_44302870,commented_on_story,1
yieldcrv,hn_45163362,commented_on_story,1
ynac,hn_47282777,commented_on_story,1
yoden,hn_44302870,commented_on_story,1
yohamta,hn_47768133,commented_on_story,1
youknownothing,hn_47664912,commented_on_story,1
yoyohello13,hn_44811567,commented_on_story,1
yoz-y,hn_45320431,commented_on_story,1
yoz-y,hn_46420453,commented_on_story,1
yuanhao,hn_43068027,posted_story,1
z77dj3kl,hn_28131745,commented_on_story,1
zahlman,hn_47106686,commented_on_story,1
zaik,hn_41679746,posted_story,1
zamalek,hn_47660925,commented_on_story,1
zaps,hn_33226515,commented_on_story,1
zarzavat,hn_48037128,commented_on_story,1
zb3,hn_44940089,commented_on_story,1
zbeegnew,hn_43410866,posted_story,1
zegl,hn_32577624,posted_story,1
zelphirkalt,hn_31825742,commented_on_story,1
zensorsolutions,hn_47530870,commented_on_story,1
zephyreon,hn_47633396,commented_on_story,1
zhoujianfu,hn_47282777,commented_on_story,1
zitrusfrucht,hn_47106686,commented_on_story,1
zittur,hn_46420453,commented_on_story,1
zmmmmm,hn_47106686,commented_on_story,1
zoba,hn_35470915,commented_on_story,1
zora_goron,hn_43708025,commented_on_story,1
zorrn,hn_47838508,posted_story,1
zppln,hn_44940089,commented_on_story,1
zwright,hn_28191362,commented_on_story,1
zzyzxd,hn_47762901,commented_on_story,1
zzzeek,hn_38710600,commented_on_story,1
zzzeek,hn_44966856,commented_on_story,1
