community_id,size,dominant_sentiment,dominant_topic,avg_sentiment_score,positive_pct,negative_pct
62,204,positive,productivity,0.4933,76.5,5.4
130,181,positive,productivity,0.4456,76.8,7.7
13,97,positive,job_displacement,0.1545,47.4,18.6
79,94,positive,job_displacement,0.0885,45.7,23.4
196,87,positive,productivity,0.284,66.7,11.5
55,86,positive,job_displacement,0.1567,48.8,18.6
46,86,positive,job_displacement,0.1839,54.7,18.6
31,82,positive,job_displacement,0.3117,62.2,6.1
173,79,positive,job_displacement,0.1107,54.4,26.6
10,78,neutral,reliability,0.1436,41.0,10.3
91,69,positive,productivity,0.1074,46.4,34.8
43,68,positive,productivity,0.1286,44.1,16.2
4,62,positive,job_displacement,0.1322,46.8,22.6
0,60,positive,reliability,0.1458,43.3,16.7
74,59,positive,job_displacement,0.2042,52.5,18.6
168,55,positive,job_displacement,0.422,72.7,5.5
99,55,positive,job_displacement,0.1395,49.1,23.6
303,55,positive,job_displacement,0.5809,87.3,5.5
154,55,positive,job_displacement,0.4161,74.5,9.1
26,54,positive,productivity,0.1824,53.7,18.5
12,53,positive,productivity,0.2161,67.9,22.6
124,52,positive,job_displacement,0.4357,76.9,13.5
548,52,positive,productivity,0.2084,59.6,25.0
83,51,negative,job_displacement,-0.01,37.3,41.2
132,51,positive,job_displacement,0.3358,72.5,15.7
60,46,positive,job_displacement,0.2646,63.0,8.7
63,45,positive,job_displacement,0.0472,37.8,33.3
158,45,positive,job_displacement,0.4843,82.2,4.4
177,44,positive,reliability,0.3269,63.6,13.6
128,43,positive,job_displacement,0.2528,62.8,16.3
220,43,positive,productivity,0.4453,81.4,4.7
90,41,positive,job_displacement,0.153,58.5,14.6
216,41,positive,job_displacement,0.4973,75.6,12.2
40,38,positive,productivity,0.0647,47.4,23.7
2,36,positive,job_displacement,0.1066,47.2,19.4
69,35,positive,productivity,0.1441,48.6,22.9
9,34,positive,job_displacement,0.3159,64.7,8.8
186,32,positive,productivity,0.1158,53.1,21.9
32,31,neutral,productivity,0.1092,32.3,6.5
44,30,positive,productivity,0.2487,63.3,10.0
75,29,positive,productivity,0.2747,62.1,27.6
59,26,neutral,productivity,0.1423,38.5,11.5
545,25,positive,productivity,0.1227,44.0,20.0
366,25,positive,job_displacement,0.3286,68.0,12.0
245,25,positive,productivity,0.2704,60.0,12.0
242,22,positive,job_displacement,0.0665,54.5,27.3
19,22,positive,productivity,0.2447,68.2,18.2
286,21,positive,productivity,0.3799,81.0,9.5
279,19,positive,job_displacement,0.1937,57.9,21.1
387,19,positive,job_displacement,0.2046,52.6,15.8
291,18,positive,productivity,0.2262,61.1,16.7
858,17,positive,job_displacement,0.5053,82.4,5.9
96,17,positive,productivity,0.1761,47.1,11.8
143,16,positive,productivity,0.2097,62.5,18.8
107,16,positive,productivity,0.2511,56.2,12.5
11,16,positive,job_displacement,0.2521,62.5,6.2
360,15,neutral,productivity,0.1834,33.3,6.7
150,15,positive,job_displacement,0.2584,66.7,20.0
155,15,positive,reliability,0.3661,73.3,6.7
258,15,positive,productivity,0.2858,66.7,20.0
58,15,positive,job_displacement,0.0284,40.0,26.7
137,15,positive,job_displacement,0.3386,66.7,6.7
134,15,positive,reliability,0.1916,53.3,20.0
202,14,positive,job_displacement,0.1229,64.3,14.3
273,14,positive,productivity,0.4289,71.4,7.1
136,13,neutral,reliability,0.1198,38.5,7.7
131,13,positive,job_displacement,0.2814,53.8,0.0
738,13,positive,job_displacement,0.6812,92.3,7.7
686,13,positive,job_displacement,0.3079,69.2,7.7
17,13,positive,productivity,0.1839,61.5,15.4
45,13,positive,productivity,0.1633,46.2,30.8
1,12,positive,productivity,0.4216,91.7,8.3
182,12,positive,productivity,0.4342,83.3,0.0
185,11,neutral,cost,0.2081,36.4,0.0
240,11,positive,productivity,0.2249,63.6,27.3
41,11,positive,job_displacement,0.2093,54.5,18.2
391,11,positive,job_displacement,0.3174,72.7,0.0
94,11,positive,productivity,0.2197,45.5,27.3
411,11,positive,productivity,0.3235,63.6,0.0
162,11,positive,job_displacement,0.0281,45.5,36.4
319,11,positive,productivity,0.5739,90.9,0.0
73,11,positive,unknown,0.2139,45.5,18.2
622,11,positive,job_displacement,0.2931,72.7,18.2
215,10,positive,reliability,0.3388,60.0,0.0
29,10,positive,productivity,0.2748,60.0,20.0
95,10,neutral,job_displacement,0.1437,50.0,0.0
88,10,positive,productivity,0.1767,70.0,30.0
66,10,negative,job_displacement,-0.0646,30.0,50.0
111,9,positive,productivity,0.2232,44.4,22.2
415,9,positive,reliability,0.395,77.8,0.0
159,9,positive,cost,0.2602,66.7,11.1
252,9,positive,productivity,0.3393,66.7,22.2
181,9,positive,job_displacement,0.2132,55.6,22.2
76,8,positive,productivity,0.3056,75.0,12.5
172,8,positive,job_displacement,0.2011,87.5,0.0
25,8,positive,job_displacement,0.2688,62.5,12.5
116,8,positive,productivity,0.2266,62.5,12.5
310,8,positive,productivity,0.2037,50.0,25.0
65,8,positive,productivity,0.3777,100.0,0.0
513,8,positive,productivity,0.4842,75.0,12.5
140,8,neutral,productivity,0.1001,37.5,12.5
57,8,positive,job_displacement,0.4326,75.0,0.0
147,8,positive,job_displacement,0.4925,100.0,0.0
120,7,positive,job_displacement,-0.0535,57.1,42.9
117,7,positive,productivity,0.4253,71.4,14.3
284,7,positive,productivity,0.1517,57.1,14.3
446,7,neutral,cost,-0.0901,14.3,28.6
278,7,positive,job_displacement,0.1229,42.9,28.6
6,7,positive,productivity,0.5832,85.7,0.0
750,7,positive,productivity,0.1853,42.9,14.3
86,7,positive,unknown,0.3789,71.4,0.0
271,7,positive,job_displacement,0.0726,57.1,14.3
100,7,positive,job_displacement,0.2982,85.7,0.0
372,7,positive,job_displacement,0.2522,57.1,0.0
230,7,positive,job_displacement,0.3664,71.4,0.0
403,7,positive,productivity,0.1256,42.9,14.3
408,7,positive,job_displacement,0.1517,57.1,28.6
234,7,neutral,job_displacement,0.1106,42.9,14.3
431,7,positive,productivity,0.2344,71.4,14.3
180,7,positive,job_displacement,0.5466,85.7,0.0
49,7,neutral,productivity,0.037,42.9,14.3
341,6,neutral,cost,0.0751,16.7,16.7
176,6,positive,job_displacement,0.1287,50.0,33.3
467,6,neutral,reliability,0.1418,33.3,16.7
222,6,positive,job_displacement,0.1548,50.0,50.0
187,6,positive,job_displacement,0.113,50.0,33.3
358,6,neutral,job_displacement,0.2137,50.0,0.0
385,6,neutral,job_displacement,0.1478,33.3,0.0
441,6,positive,productivity,0.4936,83.3,16.7
370,6,neutral,productivity,0.0244,33.3,33.3
492,6,positive,job_displacement,0.1416,50.0,33.3
38,6,neutral,job_displacement,0.1092,33.3,0.0
23,6,positive,job_displacement,0.1925,83.3,16.7
118,6,neutral,job_displacement,-0.0369,16.7,16.7
21,6,positive,job_displacement,0.3103,50.0,16.7
101,6,neutral,job_displacement,0.1722,33.3,0.0
105,6,positive,productivity,0.2424,50.0,16.7
764,5,positive,job_displacement,0.3026,80.0,20.0
52,5,positive,unknown,0.3955,80.0,0.0
282,5,positive,productivity,0.3872,80.0,20.0
223,5,positive,job_displacement,0.1106,80.0,20.0
761,5,positive,productivity,0.2343,80.0,20.0
56,5,positive,job_displacement,0.3369,80.0,0.0
106,5,positive,reliability,0.5473,100.0,0.0
85,5,positive,reliability,0.2354,60.0,20.0
301,5,positive,cost,0.0873,60.0,40.0
280,5,positive,job_displacement,0.1083,60.0,40.0
34,5,negative,productivity,0.0688,20.0,40.0
395,5,neutral,productivity,0.0046,20.0,20.0
184,5,neutral,reliability,0.1442,20.0,0.0
423,5,positive,productivity,0.2303,80.0,0.0
728,5,positive,job_displacement,0.2494,60.0,0.0
726,5,positive,job_displacement,0.19,40.0,20.0
188,5,positive,job_displacement,0.243,60.0,0.0
28,5,positive,productivity,0.4103,80.0,0.0
293,5,positive,reliability,0.2725,60.0,20.0
704,5,positive,productivity,0.2644,60.0,40.0
161,5,positive,productivity,0.3904,60.0,0.0
30,5,positive,productivity,0.0904,60.0,40.0
909,5,positive,reliability,0.361,100.0,0.0
355,5,positive,job_displacement,0.4497,100.0,0.0
541,5,positive,productivity,0.0622,40.0,20.0
873,5,positive,cost,0.2729,60.0,0.0
332,5,positive,reliability,0.4443,80.0,0.0
584,5,negative,job_displacement,-0.2219,20.0,60.0
590,5,positive,job_displacement,0.1236,60.0,20.0
367,5,positive,reliability,-0.0117,40.0,40.0
80,5,positive,reliability,0.1214,40.0,40.0
520,5,positive,job_displacement,0.2977,80.0,20.0
15,5,positive,productivity,0.2639,60.0,40.0
521,4,positive,job_displacement,0.2547,50.0,0.0
482,4,positive,job_displacement,0.1686,75.0,25.0
637,4,neutral,reliability,-0.0566,0.0,25.0
433,4,neutral,productivity,0.3569,50.0,0.0
416,4,positive,job_displacement,0.161,50.0,50.0
472,4,negative,productivity,-0.2,25.0,50.0
649,4,positive,job_displacement,0.1977,75.0,25.0
412,4,neutral,productivity,0.042,25.0,0.0
507,4,positive,productivity,0.6283,100.0,0.0
666,4,positive,cost,0.1899,50.0,25.0
506,4,positive,productivity,0.0975,50.0,25.0
681,4,positive,productivity,0.2999,50.0,0.0
208,4,positive,productivity,0.5545,75.0,0.0
213,4,positive,productivity,-0.051,50.0,50.0
247,4,positive,productivity,-0.0805,50.0,50.0
532,4,positive,job_displacement,0.2247,50.0,25.0
544,4,positive,job_displacement,0.8494,100.0,0.0
432,4,neutral,job_displacement,0.4091,50.0,0.0
16,4,positive,job_displacement,0.6735,100.0,0.0
625,4,positive,productivity,0.1009,50.0,25.0
565,4,neutral,productivity,-0.0677,25.0,25.0
619,4,positive,job_displacement,0.3074,75.0,0.0
84,4,positive,job_displacement,0.3467,50.0,0.0
615,4,neutral,reliability,-0.074,0.0,25.0
283,4,positive,job_displacement,0.3521,75.0,0.0
8,4,positive,reliability,0.1426,50.0,25.0
607,4,neutral,productivity,-0.0006,25.0,25.0
281,4,neutral,productivity,-0.0657,0.0,25.0
439,4,positive,productivity,-0.2324,50.0,50.0
331,4,positive,job_displacement,0.2497,75.0,0.0
195,4,positive,productivity,0.3281,75.0,0.0
198,4,positive,job_displacement,0.4052,75.0,0.0
149,4,neutral,productivity,0.0403,25.0,25.0
167,4,positive,job_displacement,0.1871,75.0,25.0
787,4,neutral,job_displacement,0.3184,50.0,0.0
798,4,positive,productivity,0.2039,50.0,0.0
376,4,positive,productivity,0.4126,100.0,0.0
374,4,neutral,productivity,0.0896,25.0,0.0
92,4,neutral,reliability,0.0,0.0,0.0
361,4,positive,job_displacement,0.506,75.0,0.0
350,4,positive,job_displacement,0.0975,50.0,25.0
170,4,negative,job_displacement,-0.0917,25.0,50.0
121,4,negative,reliability,-0.2518,25.0,75.0
345,4,positive,productivity,0.0539,75.0,0.0
323,4,neutral,job_displacement,0.2086,25.0,25.0
138,4,neutral,productivity,0.158,25.0,25.0
335,4,positive,job_displacement,0.4062,100.0,0.0
956,4,positive,job_displacement,0.1752,75.0,25.0
133,4,positive,productivity,0.2489,75.0,0.0
169,4,neutral,job_displacement,0.127,25.0,0.0
807,4,positive,productivity,0.5058,100.0,0.0
306,4,positive,productivity,0.2846,75.0,0.0
304,4,positive,productivity,0.2554,75.0,25.0
707,4,positive,productivity,0.1748,50.0,0.0
191,4,positive,unknown,0.2745,50.0,0.0
108,4,positive,job_displacement,0.2548,50.0,0.0
298,4,negative,reliability,-0.1244,0.0,50.0
36,4,positive,productivity,0.1393,50.0,25.0
189,4,positive,job_displacement,0.3452,75.0,0.0
757,4,positive,job_displacement,0.1159,50.0,25.0
384,4,positive,job_displacement,0.0366,50.0,25.0
424,3,neutral,reliability,0.134,33.3,0.0
380,3,positive,productivity,0.3642,66.7,0.0
485,3,neutral,reliability,0.2161,33.3,0.0
488,3,positive,job_displacement,-0.1818,33.3,33.3
407,3,positive,job_displacement,0.6144,100.0,0.0
484,3,neutral,cost,0.1097,33.3,0.0
381,3,negative,job_displacement,-0.1706,33.3,66.7
338,3,neutral,reliability,-0.1525,0.0,33.3
413,3,positive,job_displacement,0.068,66.7,33.3
481,3,neutral,reliability,0.1642,33.3,0.0
478,3,positive,unknown,0.3695,66.7,0.0
475,3,positive,job_displacement,0.4621,100.0,0.0
343,3,positive,productivity,0.498,100.0,0.0
404,3,positive,reliability,0.2213,66.7,0.0
347,3,positive,reliability,0.6037,100.0,0.0
397,3,positive,cost,0.6932,100.0,0.0
418,3,positive,job_displacement,0.3014,66.7,0.0
351,3,negative,productivity,-0.3239,0.0,100.0
468,3,positive,productivity,0.5097,100.0,0.0
459,3,negative,reliability,-0.2919,0.0,66.7
454,3,positive,job_displacement,0.2111,66.7,33.3
377,3,negative,job_displacement,-0.1891,33.3,66.7
452,3,neutral,productivity,-0.0734,0.0,33.3
449,3,positive,job_displacement,0.3248,66.7,0.0
365,3,positive,job_displacement,0.3475,66.7,0.0
445,3,positive,productivity,0.2672,66.7,0.0
39,3,neutral,reliability,-0.0223,33.3,33.3
37,3,neutral,job_displacement,0.2585,33.3,33.3
487,3,positive,productivity,0.2813,66.7,33.3
557,3,positive,reliability,0.3291,100.0,0.0
496,3,neutral,unknown,0.1296,33.3,0.0
748,3,positive,job_displacement,0.4772,100.0,0.0
804,3,positive,job_displacement,0.0919,66.7,33.3
789,3,positive,productivity,0.1219,33.3,33.3
775,3,positive,reliability,0.7967,100.0,0.0
763,3,positive,reliability,0.3144,100.0,0.0
760,3,positive,job_displacement,0.5656,100.0,0.0
751,3,positive,job_displacement,0.358,66.7,0.0
744,3,positive,productivity,0.1987,66.7,33.3
498,3,positive,productivity,0.5167,100.0,0.0
737,3,neutral,job_displacement,-0.0754,0.0,33.3
736,3,positive,productivity,0.6454,100.0,0.0
732,3,negative,job_displacement,-0.1065,33.3,66.7
731,3,negative,productivity,-0.0959,33.3,66.7
730,3,neutral,job_displacement,0.2237,33.3,33.3
721,3,neutral,job_displacement,0.1329,33.3,0.0
806,3,positive,unknown,0.2936,66.7,0.0
815,3,neutral,productivity,-0.0597,0.0,33.3
826,3,positive,unknown,0.3738,100.0,0.0
834,3,neutral,job_displacement,0.0911,33.3,0.0
836,3,negative,productivity,-0.2421,0.0,100.0
856,3,positive,productivity,0.3516,66.7,0.0
857,3,positive,productivity,0.3431,100.0,0.0
859,3,negative,unknown,0.0666,33.3,33.3
861,3,neutral,productivity,0.0585,33.3,33.3
863,3,positive,job_displacement,0.5569,100.0,0.0
870,3,positive,reliability,0.3725,100.0,0.0
874,3,neutral,productivity,-0.0702,0.0,33.3
879,3,positive,job_displacement,0.3456,66.7,0.0
903,3,positive,job_displacement,-0.0178,33.3,33.3
926,3,neutral,productivity,0.0,0.0,0.0
931,3,negative,job_displacement,-0.0833,33.3,66.7
973,3,positive,productivity,0.0852,66.7,33.3
719,3,negative,job_displacement,-0.3579,0.0,100.0
706,3,neutral,productivity,0.2755,33.3,0.0
693,3,positive,productivity,0.454,66.7,33.3
577,3,positive,job_displacement,0.3816,100.0,0.0
501,3,positive,job_displacement,0.0304,33.3,33.3
508,3,positive,job_displacement,0.3354,66.7,0.0
515,3,positive,job_displacement,-0.0889,33.3,33.3
523,3,negative,cost,-0.647,0.0,100.0
524,3,positive,job_displacement,0.0541,33.3,33.3
525,3,positive,reliability,0.5017,100.0,0.0
530,3,negative,job_displacement,0.0293,33.3,66.7
550,3,positive,job_displacement,0.3357,66.7,0.0
551,3,positive,productivity,0.4372,66.7,33.3
553,3,positive,productivity,-0.0462,66.7,33.3
555,3,neutral,job_displacement,-0.0319,0.0,33.3
570,3,positive,job_displacement,0.0879,66.7,33.3
571,3,positive,productivity,0.3124,66.7,33.3
573,3,positive,job_displacement,0.2265,66.7,0.0
330,3,positive,reliability,-0.0749,33.3,33.3
669,3,positive,productivity,-0.0403,33.3,33.3
591,3,neutral,productivity,0.2083,33.3,0.0
599,3,positive,productivity,0.4288,66.7,0.0
605,3,positive,productivity,0.6267,100.0,0.0
608,3,positive,job_displacement,0.3645,66.7,0.0
610,3,neutral,productivity,-0.1529,0.0,33.3
620,3,positive,job_displacement,0.3917,66.7,0.0
626,3,positive,job_displacement,0.3396,66.7,0.0
633,3,positive,productivity,0.5924,100.0,0.0
635,3,negative,job_displacement,-0.0234,33.3,33.3
641,3,negative,productivity,-0.0759,0.0,66.7
644,3,positive,job_displacement,0.0487,66.7,33.3
653,3,positive,job_displacement,0.3742,100.0,0.0
655,3,positive,job_displacement,0.496,66.7,0.0
656,3,positive,productivity,-0.0252,33.3,33.3
587,3,positive,reliability,0.3617,66.7,0.0
983,3,negative,job_displacement,-0.0728,33.3,66.7
104,3,positive,job_displacement,0.2585,66.7,0.0
192,3,positive,productivity,0.4242,100.0,0.0
299,3,positive,productivity,0.6181,66.7,33.3
239,3,neutral,unknown,0.0,0.0,0.0
151,3,neutral,productivity,0.2477,33.3,0.0
269,3,positive,productivity,0.3196,66.7,33.3
152,3,positive,job_displacement,0.3685,66.7,0.0
241,3,negative,job_displacement,-0.427,0.0,66.7
307,3,neutral,productivity,0.0,0.0,0.0
221,3,neutral,job_displacement,0.2437,33.3,0.0
244,3,positive,job_displacement,0.8452,100.0,0.0
212,3,neutral,reliability,0.1261,33.3,0.0
72,3,positive,job_displacement,0.6109,100.0,0.0
311,3,positive,job_displacement,0.396,100.0,0.0
262,3,positive,job_displacement,0.1298,66.7,33.3
197,3,positive,job_displacement,0.2849,100.0,0.0
123,3,positive,job_displacement,0.4062,66.7,0.0
183,3,positive,productivity,0.0889,66.7,33.3
315,3,neutral,reliability,-0.0456,33.3,33.3
235,3,negative,job_displacement,-0.1413,0.0,66.7
64,3,neutral,job_displacement,0.0602,33.3,0.0
174,3,positive,unknown,0.2587,66.7,0.0
165,3,neutral,reliability,0.1127,33.3,0.0
81,3,positive,job_displacement,0.5365,66.7,0.0
228,3,positive,job_displacement,0.2726,66.7,0.0
233,3,neutral,cost,0.0027,0.0,0.0
288,3,negative,job_displacement,0.0041,33.3,66.7
82,3,positive,productivity,0.1488,66.7,0.0
227,3,positive,reliability,0.261,66.7,0.0
178,3,positive,productivity,0.3012,66.7,33.3
274,3,positive,job_displacement,0.3718,66.7,0.0
67,3,positive,reliability,0.0267,66.7,33.3
144,3,positive,productivity,0.3295,66.7,0.0
164,3,neutral,job_displacement,0.1529,33.3,0.0
314,3,positive,job_displacement,0.7705,100.0,0.0
267,3,positive,productivity,0.462,100.0,0.0
316,3,positive,unknown,0.3327,66.7,0.0
205,3,positive,reliability,0.2253,66.7,33.3
259,3,positive,cost,0.1389,66.7,0.0
71,3,positive,productivity,-0.1156,33.3,33.3
203,3,neutral,job_displacement,-0.0746,33.3,33.3
257,3,positive,productivity,0.1878,66.7,0.0
50,3,negative,job_displacement,-0.3348,0.0,66.7
325,3,positive,productivity,0.2935,66.7,33.3
112,3,positive,job_displacement,0.3352,66.7,33.3
328,3,neutral,job_displacement,0.1061,33.3,0.0
153,3,positive,reliability,0.0957,66.7,0.0
199,3,neutral,unknown,0.2473,33.3,0.0
89,3,positive,reliability,-0.0126,33.3,33.3
250,3,positive,job_displacement,0.5249,100.0,0.0
317,3,neutral,productivity,-0.248,0.0,33.3
201,3,neutral,unknown,-0.0642,0.0,33.3
322,3,negative,cost,0.0939,33.3,66.7
811,2,positive,productivity,0.2108,50.0,0.0
774,2,positive,productivity,0.5072,100.0,0.0
812,2,positive,productivity,0.247,50.0,0.0
776,2,neutral,job_displacement,0.4503,50.0,0.0
777,2,neutral,unknown,0.2553,50.0,0.0
778,2,positive,productivity,0.0344,50.0,0.0
773,2,negative,job_displacement,-0.4604,0.0,100.0
771,2,positive,cost,-0.0403,50.0,50.0
772,2,positive,job_displacement,0.7104,100.0,0.0
779,2,neutral,productivity,0.2108,50.0,0.0
770,2,neutral,cost,0.0,0.0,0.0
769,2,positive,job_displacement,0.1132,50.0,0.0
768,2,neutral,productivity,-0.201,0.0,50.0
813,2,negative,job_displacement,-0.2715,0.0,100.0
767,2,positive,unknown,0.441,100.0,0.0
766,2,positive,job_displacement,0.2542,100.0,0.0
765,2,positive,productivity,0.49,100.0,0.0
814,2,neutral,reliability,-0.148,0.0,50.0
166,2,positive,reliability,0.4008,100.0,0.0
156,2,negative,job_displacement,-0.098,50.0,50.0
816,2,neutral,unknown,0.2553,50.0,0.0
810,2,neutral,reliability,0.173,50.0,0.0
808,2,neutral,job_displacement,0.4148,50.0,0.0
780,2,positive,job_displacement,0.276,50.0,0.0
781,2,positive,job_displacement,0.4943,100.0,0.0
160,2,neutral,productivity,0.0,0.0,0.0
800,2,negative,cost,-0.2108,0.0,50.0
797,2,positive,job_displacement,0.3523,100.0,0.0
801,2,neutral,unknown,0.4822,50.0,0.0
796,2,neutral,productivity,0.4624,50.0,0.0
795,2,neutral,productivity,0.0,0.0,0.0
802,2,positive,productivity,0.3235,100.0,0.0
794,2,positive,reliability,0.5493,100.0,0.0
793,2,negative,job_displacement,0.1993,50.0,50.0
803,2,positive,reliability,0.2992,50.0,0.0
792,2,neutral,cost,0.0,0.0,0.0
791,2,neutral,job_displacement,0.2202,50.0,0.0
109,2,positive,job_displacement,0.5816,100.0,0.0
790,2,positive,cost,0.2685,100.0,0.0
110,2,neutral,job_displacement,0.0514,50.0,0.0
788,2,positive,productivity,-0.0636,50.0,50.0
805,2,neutral,unknown,0.0,0.0,0.0
113,2,positive,job_displacement,0.7406,100.0,0.0
163,2,positive,reliability,-0.0015,50.0,50.0
786,2,positive,productivity,0.379,100.0,0.0
785,2,negative,reliability,-0.1656,50.0,50.0
784,2,negative,job_displacement,-0.0182,50.0,50.0
157,2,neutral,reliability,0.3631,50.0,0.0
783,2,negative,job_displacement,0.0266,50.0,50.0
782,2,positive,productivity,0.5094,100.0,0.0
799,2,neutral,unknown,-0.3522,0.0,50.0
809,2,positive,productivity,0.379,50.0,0.0
762,2,neutral,productivity,0.247,50.0,0.0
329,2,positive,job_displacement,-0.0598,50.0,50.0
171,2,positive,job_displacement,0.064,50.0,0.0
193,2,positive,productivity,0.1101,50.0,0.0
699,2,negative,job_displacement,-0.3918,0.0,100.0
700,2,neutral,unknown,0.4721,50.0,0.0
701,2,positive,productivity,0.1465,50.0,0.0
702,2,positive,reliability,0.4201,50.0,0.0
703,2,neutral,job_displacement,0.0,0.0,0.0
705,2,negative,cost,-0.3243,0.0,50.0
194,2,negative,unknown,0.2557,50.0,50.0
708,2,positive,job_displacement,-0.0752,50.0,50.0
717,2,negative,productivity,0.2254,50.0,50.0
709,2,neutral,productivity,0.3368,50.0,0.0
710,2,positive,unknown,0.729,100.0,0.0
711,2,neutral,unknown,0.3825,50.0,0.0
712,2,positive,reliability,0.8967,100.0,0.0
713,2,positive,productivity,0.9327,100.0,0.0
714,2,positive,job_displacement,0.8304,100.0,0.0
715,2,positive,job_displacement,0.6152,100.0,0.0
698,2,negative,job_displacement,-0.3104,0.0,100.0
697,2,negative,productivity,-0.2061,50.0,50.0
696,2,negative,job_displacement,-0.5231,0.0,100.0
695,2,positive,productivity,0.4421,100.0,0.0
678,2,positive,productivity,0.4254,100.0,0.0
679,2,negative,productivity,-0.3642,0.0,100.0
680,2,neutral,productivity,0.3324,50.0,0.0
682,2,neutral,job_displacement,0.1806,50.0,0.0
683,2,neutral,productivity,0.0129,0.0,0.0
684,2,positive,cost,0.6564,100.0,0.0
685,2,negative,job_displacement,-0.2396,0.0,100.0
200,2,neutral,productivity,0.4466,50.0,0.0
687,2,neutral,reliability,0.0,0.0,0.0
688,2,positive,job_displacement,0.6376,100.0,0.0
689,2,neutral,productivity,0.0,0.0,0.0
690,2,neutral,unknown,-0.2787,0.0,50.0
691,2,positive,reliability,0.8882,100.0,0.0
692,2,neutral,cost,-0.0526,0.0,50.0
694,2,unknown,unknown,-0.1444,0.0,50.0
716,2,positive,productivity,0.3765,100.0,0.0
718,2,negative,productivity,-0.405,0.0,100.0
759,2,positive,reliability,0.7104,100.0,0.0
749,2,positive,reliability,0.1929,50.0,50.0
741,2,negative,productivity,-0.293,0.0,50.0
742,2,positive,cost,0.7062,100.0,0.0
743,2,positive,job_displacement,0.4059,100.0,0.0
745,2,neutral,productivity,0.2352,50.0,0.0
746,2,positive,job_displacement,0.5962,100.0,0.0
747,2,positive,reliability,0.1522,50.0,0.0
818,2,positive,job_displacement,0.201,50.0,0.0
5,2,negative,job_displacement,-0.2287,50.0,50.0
720,2,positive,job_displacement,0.6786,100.0,0.0
175,2,neutral,cost,0.0,0.0,0.0
752,2,positive,job_displacement,0.559,100.0,0.0
753,2,neutral,productivity,-0.148,0.0,50.0
754,2,neutral,productivity,0.0,0.0,0.0
755,2,negative,productivity,0.0382,50.0,50.0
756,2,positive,job_displacement,0.201,50.0,0.0
758,2,positive,productivity,0.5206,100.0,0.0
740,2,neutral,job_displacement,0.0,0.0,0.0
739,2,neutral,cost,0.0,0.0,0.0
7,2,positive,unknown,0.4619,100.0,0.0
179,2,positive,reliability,0.148,50.0,0.0
190,2,negative,productivity,0.224,50.0,50.0
722,2,positive,job_displacement,0.9082,100.0,0.0
723,2,neutral,productivity,0.2586,50.0,0.0
724,2,neutral,productivity,-0.1206,0.0,50.0
725,2,positive,productivity,0.7974,100.0,0.0
93,2,positive,unknown,0.6145,100.0,0.0
727,2,positive,job_displacement,0.545,100.0,0.0
97,2,positive,job_displacement,0.012,50.0,50.0
729,2,positive,reliability,0.5468,100.0,0.0
98,2,positive,cost,0.2634,100.0,0.0
102,2,positive,reliability,0.311,100.0,0.0
733,2,neutral,job_displacement,0.0384,50.0,0.0
734,2,neutral,productivity,0.392,50.0,0.0
735,2,neutral,reliability,0.17,50.0,0.0
103,2,neutral,job_displacement,-0.1302,0.0,50.0
817,2,positive,job_displacement,0.7084,100.0,0.0
830,2,positive,reliability,0.3868,100.0,0.0
819,2,negative,reliability,0.064,50.0,50.0
820,2,neutral,job_displacement,-0.0569,0.0,50.0
925,2,negative,productivity,-0.3324,0.0,100.0
927,2,negative,reliability,-0.0577,0.0,100.0
928,2,neutral,cost,0.1592,50.0,0.0
929,2,positive,productivity,0.175,50.0,50.0
930,2,negative,productivity,-0.4603,0.0,50.0
125,2,positive,job_displacement,0.1444,100.0,0.0
932,2,neutral,productivity,0.0,0.0,0.0
933,2,positive,productivity,0.0617,50.0,50.0
934,2,positive,job_displacement,0.3816,100.0,0.0
935,2,positive,reliability,0.5827,100.0,0.0
936,2,neutral,unknown,0.1358,50.0,0.0
937,2,positive,productivity,0.7628,100.0,0.0
938,2,positive,unknown,0.406,50.0,50.0
939,2,positive,reliability,0.1101,50.0,0.0
940,2,neutral,job_displacement,-0.2294,0.0,50.0
941,2,negative,job_displacement,0.0988,50.0,50.0
942,2,positive,reliability,0.2949,50.0,50.0
924,2,negative,job_displacement,-0.5098,0.0,100.0
923,2,neutral,reliability,0.2981,50.0,0.0
922,2,positive,productivity,0.0007,50.0,50.0
912,2,negative,job_displacement,-0.2902,0.0,50.0
905,2,positive,job_displacement,0.0294,50.0,0.0
906,2,positive,job_displacement,0.2856,50.0,50.0
907,2,positive,job_displacement,0.2202,50.0,0.0
908,2,neutral,job_displacement,0.4311,50.0,0.0
139,2,negative,reliability,-0.3222,0.0,50.0
910,2,neutral,unknown,0.0,0.0,0.0
911,2,positive,job_displacement,0.6292,100.0,0.0
913,2,positive,job_displacement,0.4129,100.0,0.0
921,2,positive,job_displacement,0.0923,50.0,0.0
914,2,positive,productivity,0.1752,100.0,0.0
915,2,positive,job_displacement,-0.1131,50.0,50.0
916,2,positive,productivity,0.4787,100.0,0.0
917,2,neutral,productivity,0.0063,0.0,0.0
918,2,neutral,productivity,0.0,0.0,0.0
919,2,positive,reliability,0.2154,50.0,50.0
920,2,neutral,productivity,0.0,0.0,0.0
943,2,positive,productivity,0.4769,50.0,0.0
944,2,neutral,reliability,0.0,0.0,0.0
945,2,negative,reliability,-0.148,0.0,50.0
974,2,negative,productivity,-0.1039,50.0,50.0
967,2,positive,job_displacement,0.199,100.0,0.0
968,2,neutral,job_displacement,0.2494,50.0,0.0
969,2,positive,job_displacement,0.3861,100.0,0.0
970,2,positive,job_displacement,0.0128,50.0,50.0
971,2,positive,unknown,0.4496,100.0,0.0
972,2,positive,productivity,0.827,100.0,0.0
126,2,negative,productivity,-0.6059,0.0,100.0
975,2,neutral,productivity,0.1342,50.0,0.0
965,2,negative,job_displacement,-0.148,0.0,50.0
976,2,positive,productivity,0.7655,100.0,0.0
977,2,positive,productivity,0.4366,100.0,0.0
978,2,positive,job_displacement,0.201,50.0,0.0
979,2,negative,unknown,-0.1626,0.0,50.0
980,2,neutral,productivity,0.0,0.0,0.0
981,2,neutral,productivity,0.4758,50.0,0.0
982,2,negative,productivity,0.1562,50.0,50.0
966,2,neutral,job_displacement,-0.148,0.0,50.0
964,2,neutral,reliability,0.201,50.0,0.0
946,2,positive,productivity,0.6148,100.0,0.0
954,2,negative,job_displacement,-0.4672,0.0,100.0
947,2,negative,job_displacement,-0.21,0.0,100.0
948,2,neutral,reliability,0.3124,50.0,0.0
949,2,neutral,job_displacement,-0.288,0.0,50.0
950,2,positive,job_displacement,0.201,50.0,0.0
951,2,neutral,reliability,0.1901,50.0,0.0
952,2,neutral,productivity,0.4968,50.0,0.0
953,2,positive,job_displacement,0.4253,100.0,0.0
955,2,positive,productivity,0.6996,100.0,0.0
963,2,neutral,productivity,0.0,0.0,0.0
135,2,positive,reliability,0.3692,100.0,0.0
957,2,positive,cost,0.5884,100.0,0.0
958,2,positive,productivity,0.2692,100.0,0.0
959,2,neutral,job_displacement,0.082,50.0,0.0
960,2,neutral,reliability,0.4296,50.0,0.0
961,2,positive,job_displacement,0.5154,100.0,0.0
962,2,positive,reliability,0.4467,50.0,0.0
904,2,positive,productivity,0.2611,100.0,0.0
122,2,positive,productivity,0.5007,100.0,0.0
902,2,positive,productivity,0.5932,100.0,0.0
849,2,negative,job_displacement,0.1282,50.0,50.0
842,2,neutral,job_displacement,0.4738,50.0,0.0
843,2,positive,productivity,0.4603,100.0,0.0
844,2,neutral,reliability,0.159,50.0,0.0
845,2,positive,productivity,0.3286,100.0,0.0
846,2,positive,job_displacement,-0.0103,50.0,50.0
847,2,positive,productivity,0.2512,50.0,0.0
848,2,negative,productivity,0.1969,50.0,50.0
850,2,positive,productivity,0.362,50.0,0.0
840,2,positive,productivity,0.293,50.0,0.0
851,2,neutral,job_displacement,-0.2059,0.0,50.0
852,2,neutral,unknown,0.0,0.0,0.0
853,2,positive,cost,0.0771,50.0,50.0
854,2,neutral,productivity,-0.0258,0.0,50.0
855,2,neutral,reliability,0.293,50.0,0.0
3,2,negative,reliability,-0.1909,0.0,50.0
148,2,positive,productivity,0.0766,50.0,0.0
841,2,positive,productivity,0.5872,100.0,0.0
839,2,positive,job_displacement,0.2202,50.0,0.0
119,2,positive,job_displacement,0.4096,50.0,0.0
828,2,negative,cost,0.106,50.0,50.0
821,2,neutral,unknown,0.4626,50.0,0.0
822,2,neutral,job_displacement,0.2202,50.0,0.0
823,2,negative,job_displacement,-0.0416,50.0,50.0
824,2,neutral,job_displacement,-0.3676,0.0,50.0
825,2,neutral,unknown,0.1806,50.0,0.0
114,2,negative,productivity,0.0854,50.0,50.0
827,2,positive,job_displacement,0.6256,100.0,0.0
829,2,negative,productivity,0.2613,50.0,50.0
838,2,negative,job_displacement,-0.0741,50.0,50.0
676,2,positive,cost,0.209,100.0,0.0
831,2,neutral,unknown,-0.047,0.0,50.0
832,2,neutral,job_displacement,0.0387,50.0,0.0
833,2,neutral,productivity,0.27,50.0,0.0
115,2,neutral,productivity,0.2787,50.0,0.0
835,2,positive,job_displacement,0.1032,50.0,50.0
837,2,neutral,productivity,-0.0184,0.0,50.0
860,2,positive,job_displacement,0.2202,50.0,0.0
862,2,positive,reliability,0.4491,100.0,0.0
901,2,negative,job_displacement,-0.0981,50.0,50.0
892,2,positive,unknown,0.2779,100.0,0.0
885,2,positive,productivity,0.4524,50.0,50.0
886,2,neutral,reliability,0.3179,50.0,0.0
887,2,positive,reliability,0.66,100.0,0.0
888,2,neutral,job_displacement,0.1242,50.0,0.0
889,2,neutral,productivity,0.0,0.0,0.0
890,2,neutral,unknown,0.0,0.0,0.0
891,2,negative,productivity,-0.3243,0.0,50.0
893,2,positive,cost,0.3682,100.0,0.0
883,2,positive,reliability,0.0819,50.0,50.0
894,2,neutral,job_displacement,0.0,0.0,0.0
895,2,positive,productivity,0.3316,100.0,0.0
896,2,negative,reliability,0.1841,50.0,50.0
897,2,neutral,productivity,0.0766,50.0,0.0
898,2,positive,productivity,0.3119,100.0,0.0
899,2,neutral,job_displacement,0.0,0.0,0.0
900,2,negative,productivity,-0.1192,0.0,50.0
884,2,positive,job_displacement,0.5023,100.0,0.0
882,2,positive,productivity,0.2755,100.0,0.0
146,2,neutral,reliability,0.0,0.0,0.0
871,2,negative,job_displacement,-0.2012,0.0,50.0
864,2,positive,job_displacement,-0.0276,50.0,50.0
865,2,positive,cost,0.4478,100.0,0.0
866,2,neutral,job_displacement,0.0894,50.0,0.0
867,2,positive,reliability,0.2108,50.0,0.0
868,2,positive,productivity,0.2611,50.0,50.0
869,2,positive,job_displacement,0.2312,50.0,50.0
145,2,neutral,productivity,0.336,50.0,0.0
872,2,negative,productivity,-0.1235,0.0,50.0
881,2,neutral,unknown,-0.3155,0.0,50.0
142,2,neutral,unknown,0.1366,50.0,0.0
875,2,positive,productivity,0.3948,100.0,0.0
876,2,positive,productivity,0.8868,100.0,0.0
877,2,neutral,job_displacement,0.0,0.0,0.0
878,2,positive,cost,0.3483,50.0,0.0
141,2,positive,productivity,0.4287,50.0,0.0
880,2,neutral,productivity,0.3464,50.0,0.0
677,2,neutral,reliability,0.2202,50.0,0.0
657,2,negative,unknown,0.0817,50.0,50.0
675,2,positive,job_displacement,0.2202,50.0,0.0
447,2,positive,job_displacement,0.3816,100.0,0.0
440,2,positive,job_displacement,0.4404,100.0,0.0
277,2,neutral,unknown,0.1862,50.0,0.0
442,2,positive,job_displacement,0.7762,100.0,0.0
443,2,neutral,job_displacement,0.4312,50.0,0.0
444,2,positive,productivity,0.5846,100.0,0.0
276,2,positive,job_displacement,-0.0767,50.0,50.0
22,2,neutral,job_displacement,0.0129,0.0,0.0
448,2,neutral,reliability,0.2749,50.0,0.0
272,2,neutral,cost,0.0934,50.0,0.0
275,2,positive,job_displacement,0.467,100.0,0.0
450,2,neutral,productivity,0.0,0.0,0.0
451,2,positive,reliability,0.2694,100.0,0.0
453,2,positive,cost,0.2202,50.0,0.0
455,2,negative,cost,-0.2194,50.0,50.0
456,2,positive,cost,0.2379,50.0,50.0
457,2,negative,reliability,0.119,50.0,50.0
438,2,positive,job_displacement,-0.3687,50.0,50.0
437,2,negative,job_displacement,-0.4858,0.0,100.0
436,2,neutral,reliability,0.0,0.0,0.0
435,2,positive,productivity,0.182,50.0,0.0
420,2,neutral,job_displacement,0.3122,50.0,0.0
421,2,neutral,job_displacement,-0.0204,0.0,0.0
422,2,positive,job_displacement,0.2015,100.0,0.0
287,2,negative,productivity,-0.1277,0.0,50.0
54,2,positive,productivity,-0.168,50.0,50.0
425,2,positive,productivity,0.5709,100.0,0.0
426,2,neutral,job_displacement,0.2202,50.0,0.0
427,2,positive,reliability,0.2108,50.0,0.0
428,2,neutral,reliability,0.0954,50.0,0.0
429,2,positive,job_displacement,0.1806,50.0,0.0
430,2,neutral,cost,0.0,0.0,0.0
24,2,positive,productivity,-0.1282,50.0,50.0
285,2,neutral,reliability,0.1366,50.0,0.0
61,2,positive,reliability,-0.2635,50.0,50.0
434,2,neutral,cost,-0.293,0.0,50.0
458,2,negative,productivity,0.0326,50.0,50.0
460,2,negative,job_displacement,-0.3125,0.0,50.0
674,2,negative,productivity,-0.2709,50.0,50.0
491,2,neutral,productivity,0.3194,50.0,0.0
483,2,positive,productivity,0.0082,50.0,50.0
264,2,positive,job_displacement,0.247,50.0,0.0
263,2,negative,job_displacement,0.1368,50.0,50.0
486,2,positive,job_displacement,0.657,100.0,0.0
261,2,positive,job_displacement,0.2997,50.0,0.0
489,2,positive,productivity,0.0766,50.0,0.0
490,2,positive,productivity,0.2522,50.0,50.0
20,2,positive,job_displacement,0.7066,100.0,0.0
461,2,neutral,productivity,0.2787,50.0,0.0
493,2,positive,job_displacement,0.0593,50.0,50.0
494,2,neutral,unknown,0.1147,50.0,0.0
495,2,positive,job_displacement,0.2108,50.0,0.0
260,2,positive,job_displacement,0.2202,50.0,0.0
497,2,neutral,productivity,0.2997,50.0,0.0
499,2,negative,productivity,0.1386,50.0,50.0
500,2,neutral,productivity,0.0,0.0,0.0
265,2,neutral,productivity,0.3184,50.0,0.0
266,2,negative,reliability,-0.1703,0.0,50.0
480,2,neutral,job_displacement,0.2981,50.0,0.0
479,2,positive,job_displacement,0.6261,100.0,0.0
462,2,neutral,productivity,0.4139,50.0,0.0
463,2,neutral,productivity,0.2553,50.0,0.0
464,2,neutral,reliability,0.1656,50.0,0.0
465,2,neutral,unknown,0.1101,50.0,0.0
466,2,neutral,unknown,0.4376,50.0,0.0
68,2,neutral,job_displacement,0.3776,50.0,0.0
270,2,negative,productivity,-0.0578,0.0,50.0
469,2,positive,productivity,0.0703,50.0,50.0
470,2,positive,unknown,-0.1473,50.0,50.0
471,2,positive,productivity,0.3079,50.0,50.0
473,2,positive,reliability,-0.1249,50.0,50.0
474,2,neutral,job_displacement,-0.2384,0.0,50.0
268,2,positive,productivity,0.5696,100.0,0.0
476,2,positive,unknown,0.4298,100.0,0.0
477,2,neutral,unknown,0.3405,50.0,0.0
419,2,positive,job_displacement,0.3298,50.0,0.0
417,2,neutral,productivity,0.0,0.0,0.0
289,2,negative,productivity,-0.1716,0.0,50.0
362,2,neutral,job_displacement,0.1181,50.0,0.0
354,2,positive,job_displacement,-0.318,50.0,50.0
318,2,negative,job_displacement,-0.6662,0.0,100.0
356,2,positive,productivity,0.8774,100.0,0.0
357,2,positive,productivity,0.5242,100.0,0.0
47,2,positive,productivity,0.5545,100.0,0.0
359,2,positive,unknown,0.3695,100.0,0.0
42,2,neutral,job_displacement,0.2436,50.0,0.0
363,2,neutral,productivity,0.397,50.0,0.0
27,2,neutral,reliability,0.0,0.0,0.0
364,2,positive,unknown,0.6657,100.0,0.0
368,2,neutral,unknown,0.2705,50.0,0.0
369,2,positive,productivity,0.3062,50.0,0.0
313,2,neutral,productivity,0.088,50.0,0.0
371,2,neutral,cost,0.0,0.0,0.0
312,2,positive,job_displacement,0.0481,50.0,50.0
373,2,neutral,reliability,0.1548,50.0,0.0
353,2,neutral,job_displacement,0.4364,50.0,0.0
352,2,neutral,productivity,0.4653,50.0,0.0
320,2,positive,productivity,0.2139,100.0,0.0
349,2,neutral,unknown,0.0,0.0,0.0
327,2,positive,productivity,0.2734,100.0,0.0
333,2,neutral,unknown,0.258,50.0,0.0
334,2,positive,job_displacement,0.8302,100.0,0.0
326,2,positive,job_displacement,0.026,50.0,0.0
336,2,neutral,productivity,0.3062,50.0,0.0
337,2,positive,job_displacement,0.204,100.0,0.0
339,2,negative,reliability,-0.0118,50.0,50.0
340,2,neutral,reliability,0.0,0.0,0.0
48,2,neutral,productivity,-0.148,0.0,50.0
342,2,negative,productivity,-0.089,0.0,50.0
324,2,positive,job_displacement,0.4097,100.0,0.0
344,2,neutral,unknown,0.4716,50.0,0.0
346,2,positive,job_displacement,0.8152,100.0,0.0
321,2,positive,job_displacement,0.504,100.0,0.0
348,2,positive,productivity,0.8365,100.0,0.0
375,2,positive,job_displacement,0.455,100.0,0.0
51,2,positive,cost,0.2202,50.0,0.0
309,2,neutral,unknown,0.31,50.0,0.0
398,2,positive,reliability,0.7421,100.0,0.0
400,2,neutral,job_displacement,0.2302,50.0,0.0
401,2,neutral,unknown,0.0,0.0,0.0
402,2,neutral,unknown,-0.247,0.0,50.0
33,2,positive,reliability,0.0386,50.0,0.0
296,2,positive,productivity,0.0766,50.0,0.0
405,2,neutral,unknown,0.0,0.0,0.0
406,2,positive,job_displacement,0.2633,50.0,0.0
295,2,positive,productivity,-0.1564,50.0,50.0
294,2,positive,job_displacement,0.4992,100.0,0.0
409,2,neutral,reliability,-0.2068,0.0,50.0
410,2,neutral,reliability,-0.286,0.0,50.0
292,2,positive,productivity,0.1325,50.0,0.0
53,2,positive,productivity,0.201,50.0,0.0
290,2,positive,productivity,-0.0722,50.0,50.0
414,2,neutral,cost,0.0,0.0,0.0
399,2,neutral,job_displacement,0.2099,50.0,0.0
297,2,positive,job_displacement,-0.0752,50.0,50.0
378,2,negative,productivity,-0.5341,0.0,100.0
396,2,positive,job_displacement,0.7978,100.0,0.0
379,2,positive,productivity,0.4836,100.0,0.0
308,2,positive,job_displacement,0.3353,100.0,0.0
382,2,positive,job_displacement,0.56,100.0,0.0
383,2,positive,productivity,0.8311,100.0,0.0
305,2,neutral,productivity,-0.1591,0.0,50.0
302,2,positive,reliability,0.3825,50.0,0.0
386,2,neutral,job_displacement,0.17,50.0,0.0
35,2,negative,job_displacement,-0.0286,0.0,50.0
388,2,positive,productivity,0.6478,100.0,0.0
389,2,neutral,unknown,-0.148,0.0,50.0
390,2,negative,productivity,0.0115,50.0,50.0
300,2,neutral,unknown,0.1468,50.0,0.0
392,2,positive,job_displacement,-0.0779,50.0,50.0
393,2,positive,productivity,0.1132,50.0,0.0
394,2,neutral,productivity,0.0,0.0,0.0
70,2,negative,cost,-0.286,0.0,50.0
502,2,negative,cost,0.1836,50.0,50.0
503,2,positive,productivity,0.1366,50.0,0.0
14,2,neutral,productivity,0.3186,50.0,0.0
614,2,positive,unknown,0.4586,100.0,0.0
616,2,negative,productivity,-0.2838,0.0,100.0
617,2,negative,productivity,-0.0565,50.0,50.0
618,2,positive,job_displacement,0.7558,100.0,0.0
219,2,neutral,unknown,0.0,0.0,0.0
218,2,neutral,productivity,0.4316,50.0,0.0
621,2,positive,productivity,0.3524,50.0,50.0
623,2,positive,reliability,0.204,50.0,50.0
229,2,positive,job_displacement,0.5028,100.0,0.0
624,2,neutral,job_displacement,0.0,0.0,0.0
217,2,positive,job_displacement,0.4474,50.0,0.0
87,2,positive,productivity,0.6454,100.0,0.0
627,2,positive,productivity,0.5504,100.0,0.0
628,2,positive,job_displacement,-0.0903,50.0,50.0
629,2,neutral,job_displacement,0.4756,50.0,0.0
630,2,negative,productivity,-0.4087,0.0,100.0
613,2,neutral,productivity,0.0042,0.0,0.0
612,2,positive,job_displacement,0.0258,50.0,0.0
611,2,positive,job_displacement,0.6356,100.0,0.0
609,2,positive,job_displacement,0.473,100.0,0.0
593,2,negative,cost,-0.2787,0.0,50.0
594,2,neutral,reliability,0.0,0.0,0.0
595,2,negative,job_displacement,-0.4023,0.0,100.0
596,2,neutral,reliability,0.0,0.0,0.0
597,2,positive,job_displacement,0.275,50.0,0.0
598,2,positive,productivity,0.63,100.0,0.0
600,2,negative,productivity,-0.3723,0.0,100.0
601,2,positive,productivity,0.9056,100.0,0.0
602,2,positive,job_displacement,0.335,50.0,0.0
603,2,neutral,job_displacement,0.0,0.0,0.0
604,2,positive,job_displacement,0.4991,100.0,0.0
226,2,negative,job_displacement,0.1035,50.0,50.0
606,2,negative,productivity,-0.0823,50.0,50.0
225,2,neutral,productivity,0.1858,50.0,0.0
224,2,positive,job_displacement,0.782,100.0,0.0
631,2,neutral,job_displacement,0.0,0.0,0.0
632,2,negative,job_displacement,-0.4518,0.0,100.0
214,2,positive,unknown,0.2202,50.0,0.0
206,2,neutral,productivity,-0.0009,0.0,0.0
204,2,positive,productivity,0.6437,100.0,0.0
658,2,positive,productivity,0.5387,100.0,0.0
659,2,negative,job_displacement,0.0216,50.0,50.0
660,2,positive,productivity,0.6326,100.0,0.0
661,2,positive,unknown,0.6494,100.0,0.0
662,2,neutral,job_displacement,0.0,0.0,0.0
663,2,positive,reliability,0.5286,100.0,0.0
664,2,negative,reliability,-0.0514,0.0,50.0
665,2,negative,productivity,-0.1366,0.0,50.0
667,2,negative,job_displacement,-0.1141,50.0,50.0
668,2,positive,job_displacement,0.2202,50.0,0.0
670,2,positive,unknown,0.4344,100.0,0.0
671,2,positive,job_displacement,0.6082,100.0,0.0
672,2,neutral,unknown,0.1591,50.0,0.0
673,2,positive,job_displacement,0.238,100.0,0.0
654,2,positive,reliability,0.8567,100.0,0.0
652,2,negative,productivity,-0.0282,50.0,50.0
634,2,neutral,reliability,-0.3358,0.0,50.0
651,2,neutral,unknown,0.0,0.0,0.0
636,2,neutral,job_displacement,0.0,0.0,0.0
211,2,positive,productivity,0.1072,50.0,0.0
638,2,positive,unknown,-0.0585,50.0,50.0
639,2,negative,job_displacement,0.1584,50.0,50.0
640,2,positive,unknown,0.7605,100.0,0.0
210,2,neutral,cost,0.43,50.0,0.0
642,2,negative,job_displacement,0.0546,50.0,50.0
643,2,neutral,cost,0.0,0.0,0.0
209,2,negative,productivity,-0.0121,50.0,50.0
645,2,positive,unknown,0.2202,50.0,0.0
646,2,neutral,unknown,0.1806,50.0,0.0
647,2,positive,productivity,-0.0236,50.0,50.0
648,2,negative,job_displacement,-0.0254,50.0,50.0
207,2,positive,unknown,0.4459,50.0,0.0
650,2,neutral,productivity,0.172,50.0,0.0
592,2,neutral,productivity,0.0683,50.0,0.0
589,2,positive,job_displacement,0.3007,100.0,0.0
504,2,positive,job_displacement,0.5622,100.0,0.0
534,2,positive,productivity,0.3753,50.0,0.0
527,2,positive,job_displacement,0.4939,100.0,0.0
528,2,negative,unknown,-0.3298,0.0,50.0
529,2,positive,job_displacement,0.201,50.0,0.0
248,2,positive,productivity,0.3286,100.0,0.0
531,2,neutral,cost,0.0,0.0,0.0
246,2,positive,productivity,0.4958,100.0,0.0
533,2,positive,cost,0.2843,100.0,0.0
535,2,positive,job_displacement,0.1558,50.0,0.0
588,2,negative,productivity,-0.0272,50.0,50.0
536,2,positive,job_displacement,0.2369,50.0,0.0
537,2,positive,reliability,0.3592,50.0,0.0
538,2,neutral,reliability,0.2553,50.0,0.0
539,2,neutral,unknown,0.0,0.0,0.0
540,2,positive,unknown,0.6855,100.0,0.0
542,2,neutral,cost,-0.209,0.0,50.0
543,2,neutral,unknown,0.0,0.0,0.0
526,2,neutral,reliability,-0.2384,0.0,50.0
249,2,positive,productivity,0.2,50.0,50.0
251,2,positive,cost,0.4691,100.0,0.0
522,2,positive,job_displacement,0.6696,100.0,0.0
505,2,positive,reliability,0.3683,100.0,0.0
256,2,neutral,productivity,-0.17,0.0,50.0
255,2,positive,cost,0.903,100.0,0.0
509,2,neutral,unknown,0.1465,50.0,0.0
510,2,neutral,productivity,0.076,50.0,0.0
511,2,neutral,reliability,0.0625,50.0,0.0
512,2,positive,reliability,0.3062,50.0,0.0
18,2,positive,job_displacement,0.085,50.0,0.0
514,2,positive,job_displacement,0.635,100.0,0.0
254,2,positive,job_displacement,0.5696,100.0,0.0
516,2,positive,reliability,0.247,50.0,0.0
517,2,negative,job_displacement,0.204,50.0,50.0
518,2,neutral,reliability,0.0,0.0,0.0
519,2,positive,productivity,0.5946,100.0,0.0
253,2,positive,job_displacement,0.201,50.0,0.0
243,2,positive,reliability,0.3003,100.0,0.0
546,2,neutral,job_displacement,0.2468,50.0,0.0
547,2,neutral,unknown,0.3953,50.0,0.0
568,2,positive,productivity,0.4674,100.0,0.0
236,2,neutral,cost,0.1012,50.0,0.0
572,2,positive,job_displacement,0.5044,100.0,0.0
574,2,positive,job_displacement,0.4032,100.0,0.0
575,2,positive,job_displacement,0.1366,50.0,0.0
576,2,neutral,productivity,0.0,0.0,0.0
232,2,positive,job_displacement,0.5418,100.0,0.0
578,2,neutral,unknown,0.3715,50.0,0.0
579,2,positive,productivity,0.8746,100.0,0.0
580,2,neutral,job_displacement,-0.201,0.0,50.0
581,2,negative,productivity,-0.0386,0.0,50.0
582,2,neutral,cost,0.2164,50.0,0.0
583,2,positive,productivity,-0.0291,50.0,50.0
231,2,positive,productivity,0.1566,50.0,50.0
585,2,neutral,job_displacement,-0.0258,0.0,50.0
586,2,positive,job_displacement,0.5348,100.0,0.0
569,2,neutral,job_displacement,-0.4304,0.0,50.0
567,2,neutral,unknown,0.1976,50.0,0.0
77,2,positive,reliability,0.6974,100.0,0.0
566,2,positive,job_displacement,0.8502,100.0,0.0
549,2,positive,productivity,0.7249,100.0,0.0
78,2,neutral,job_displacement,0.0,0.0,0.0
552,2,positive,job_displacement,0.6386,100.0,0.0
554,2,positive,reliability,0.7032,100.0,0.0
238,2,negative,job_displacement,-0.0303,50.0,50.0
556,2,positive,job_displacement,0.5458,100.0,0.0
127,2,neutral,productivity,0.0,0.0,0.0
558,2,positive,reliability,0.1806,50.0,0.0
559,2,neutral,reliability,0.4677,50.0,0.0
560,2,neutral,job_displacement,-0.2722,0.0,50.0
561,2,neutral,unknown,0.3184,50.0,0.0
562,2,negative,productivity,0.2294,50.0,50.0
563,2,positive,productivity,0.4764,50.0,0.0
564,2,neutral,job_displacement,0.2348,50.0,0.0
237,2,neutral,unknown,0.0,0.0,0.0
129,2,positive,reliability,0.7362,100.0,0.0
